id	langvar	txt	txt_degr	meaning	langvar_uid
25848767	3234	miḍ	mid	37566315	unr-000
25853073	3235	upuṇia	upunia	37566318	unr-001
25854492	3234	mon.ṛea	monrea	37566319	unr-000
25854493	3235	moṇea	monea	37566319	unr-001
25857408	3235	saţţa	satta	37566321	unr-001
25858763	3235	aiţţa	aitta	37566322	unr-001
25860135	3235	noţa	nota	37566323	unr-001
25861377	3235	dɔsţa	dɔsta	37566324	unr-001
25010379	10760	had	had	32590642	unr-004
25021707	10760	ʈʃina	ʈʃina	32602625	unr-004
18730307	3234	Zom	zom	20033959	unr-000
18596147	3235	Bhumij	bhumij	35679217	unr-001
18805523	3234	%nawa	nawa	20034000	unr-000
24894576	10758	Ambajhariya Mundari	ambajhariyamundari	35686685	unr-002
24894577	10759	Bandugara Mundari	bandugaramundari	35686686	unr-003
24894578	10760	Begunbari Mundari	begunbarimundari	35686687	unr-004
24894579	10761	Chalagi Mundari	chalagimundari	35686688	unr-005
24894580	10762	Darigutu Mundari	darigutumundari	35686689	unr-006
24894581	10763	Jharmunda Mundari	jharmundamundari	35686690	unr-007
24894582	10764	Karimpur Mundari	karimpurmundari	35686691	unr-008
24894583	10765	Nijpara Mundari	nijparamundari	35686692	unr-009
24894584	10766	Shundil Mundari	shundilmundari	35686693	unr-010
25006592	10760	abu	abu	32586619	unr-004
25006593	10764	abu	abu	32586620	unr-008
25006594	10765	abu	abu	32586621	unr-009
25006595	10764	abum	abum	32586623	unr-008
25006598	10760	abuŋ	abuŋ	32586626	unr-004
25006599	10765	abuŋ	abuŋ	32586627	unr-009
25006633	10766	aiɲ	aiɲ	32586665	unr-010
25006651	10766	ajub˺ˈsaʔ	ajubsaʔ	32586683	unr-010
25006660	10760	ajum	ajum	32586692	unr-004
25006661	10764	ajum	ajum	32586693	unr-008
25006662	10765	ajum	ajum	32586694	unr-009
25006665	10764	ajup	ajup	32586697	unr-008
25006665	10764	ajup	ajup	32586701	unr-008
25006666	10765	ajup	ajup	32586698	unr-009
25006666	10765	ajup	ajup	32586702	unr-009
25006668	10760	ajup	ajup	32586700	unr-004
25006684	10760	akʰɾɪn	akhɾɪn	32586718	unr-004
25006685	10764	akʰɾɪn	akhɾɪn	32586719	unr-008
25006686	10765	akʰɾɪn	akhɾɪn	32586720	unr-009
25006707	10760	alaŋ	alaŋ	32586743	unr-004
25006708	10764	alaŋ	alaŋ	32586744	unr-008
25006709	10765	alaŋ	alaŋ	32586745	unr-009
25006738	10764	alu	alu	32586775	unr-008
25006749	10765	alɛ	alɛ	32586787	unr-009
25006763	10760	am	am	32586804	unr-004
25006764	10761	am	am	32586805	unr-005
25006765	10763	am	am	32586806	unr-007
25006766	10764	am	am	32586807	unr-008
25006767	10765	am	am	32586808	unr-009
25006770	10766	am	am	32586821	unr-010
25006770	10766	am	am	32586828	unr-010
25006775	10758	am	am	32586826	unr-002
25006776	10762	am	am	32586827	unr-006
25006796	10758	andʰˈra	andhra	32586851	unr-002
25006835	10760	apia	apia	32586892	unr-004
25006836	10764	apia	apia	32586893	unr-008
25006837	10765	apia	apia	32586894	unr-009
25006839	10760	apir	apir	32586896	unr-004
25006840	10764	apir	apir	32586897	unr-008
25006841	10765	apir	apir	32586898	unr-009
25006842	10766	apiˈja	apija	32586899	unr-010
25006846	10760	apu	apu	32586903	unr-004
25006847	10765	apu	apu	32586904	unr-009
25006848	10764	apum	apum	32586905	unr-008
25006857	10760	apɛ	apɛ	32586914	unr-004
25006858	10764	apɛ	apɛ	32586915	unr-008
25006859	10765	apɛ	apɛ	32586916	unr-009
25006872	10759	apˈrob˺	aprob	32586929	unr-003
25006873	10762	apˈrob˺	aprob	32586930	unr-006
25006874	10766	apˈrob˺	aprob	32586931	unr-010
25006895	10766	areˈja	areja	32586954	unr-010
25006896	10762	areˈjaʔ	arejaʔ	32586955	unr-006
25006920	10760	arkʰi	arkhi	32586983	unr-004
25006921	10764	arkʰi	arkhi	32586984	unr-008
25006922	10765	arkʰi	arkhi	32586985	unr-009
25006941	10759	arˈki	arki	32587005	unr-003
25006942	10762	arˈki	arki	32587006	unr-006
25006943	10766	arˈki	arki	32587007	unr-010
25006944	10758	arˈkʰi	arkhi	32587008	unr-002
25006956	10764	astir	astir	32587020	unr-008
25007004	10760	aw	aw	32587069	unr-004
25007005	10764	aw	aw	32587070	unr-008
25007006	10765	aw	aw	32587071	unr-009
25007047	10762	aɲ	aɲ	32587116	unr-006
25007048	10758	aɲˈʔa	aɲʔa	32587117	unr-002
25007053	10759	aɽanˈdi	aɽandi	32587122	unr-003
25007054	10762	aɽanˈdi	aɽandi	32587123	unr-006
25007055	10766	aɽanˈdi	aɽandi	32587124	unr-010
25007062	10758	aɽənˈdi	aɽəndi	32587131	unr-002
25007067	10760	aɾaʔ	aɾaʔ	32587136	unr-004
25007068	10764	aɾaʔ	aɾaʔ	32587137	unr-008
25007069	10765	aɾaʔ	aɾaʔ	32587138	unr-009
25007089	10765	aɾɛa	aɾɛa	32587158	unr-009
25007100	10760	aʈ	aʈ	32587169	unr-004
25007101	10764	aʈ	aʈ	32587170	unr-008
25007116	10762	aˈba	aba	32587186	unr-006
25007121	10758	aˈdʰa	adha	32587191	unr-002
25007125	10758	aˈiŋ	aiŋ	32587195	unr-002
25007127	10759	aˈiɲ	aiɲ	32587197	unr-003
25007128	10766	aˈiɲ	aiɲ	32587198	unr-010
25007132	10759	aˈjub	ajub	32587202	unr-003
25007136	10758	aˈjub˺	ajub	32587206	unr-002
25007137	10762	aˈjub˺	ajub	32587207	unr-006
25007139	10758	aˈjur	ajur	32587209	unr-002
25007143	10759	aˈko	ako	32587213	unr-003
25007143	10759	aˈko	ako	32587215	unr-003
25007144	10759	aˈlaŋ	alaŋ	32587216	unr-003
25007151	10759	aˈle	ale	32587223	unr-003
25007156	10759	aˈpan	apan	32587228	unr-003
25007160	10759	aˈpia	apia	32587232	unr-003
25007161	10762	aˈpia	apia	32587233	unr-006
25007168	10759	aˈpu	apu	32587240	unr-003
25007169	10758	aˈpum	apum	32587241	unr-002
25007175	10759	aˈrea	area	32587247	unr-003
25007182	10759	aˈril	aril	32587254	unr-003
25007183	10762	aˈril	aril	32587255	unr-006
25007184	10766	aˈril	aril	32587256	unr-010
25007192	10758	aˈwaʤ raˈʔae	awaʤraʔae	32587265	unr-002
25007201	10759	aˈʔa	aʔa	32587274	unr-003
25007202	10762	aˈʔa	aʔa	32587275	unr-006
25007203	10762	aˈʔe ge	aʔege	32587276	unr-006
25007209	10759	aˌʈʰa uˈri	aʈhauri	32587282	unr-003
25007220	10758	aːm	am	32587294	unr-002
25007234	10758	aːʈʰ	aʈh	32587309	unr-002
25007238	10759	aˑm	am	32587313	unr-003
25007238	10759	aˑm	am	32587314	unr-003
25007287	10760	baba	baba	32587365	unr-004
25007288	10764	baba	baba	32587366	unr-008
25007289	10765	baba	baba	32587367	unr-009
25007309	10760	badam	badam	32587388	unr-004
25007310	10764	badam	badam	32587389	unr-008
25007311	10765	badam	badam	32587390	unr-009
25007327	10758	badˈre	badre	32587406	unr-002
25007328	10758	badˈri	badri	32587407	unr-002
25007347	10760	baha	baha	32587429	unr-004
25007348	10764	baha	baha	32587430	unr-008
25007349	10765	baha	baha	32587431	unr-009
25007357	10764	bahakobi	bahakobi	32587439	unr-008
25007360	10765	bahakubi	bahakubi	32587442	unr-009
25007368	10760	bahakupi	bahakupi	32587450	unr-004
25007376	10758	bahˈra	bahra	32587458	unr-002
25007377	10758	bahˈre	bahre	32587459	unr-002
25007393	10759	baiˈra	baira	32587475	unr-003
25007394	10762	baiˈra	baira	32587476	unr-006
25007395	10766	baiˈra	baira	32587477	unr-010
25007396	10758	baiˈɽo	baiɽo	32587478	unr-002
25007398	10760	baj	baj	32587480	unr-004
25007399	10764	baj	baj	32587481	unr-008
25007399	10764	baj	baj	32587485	unr-008
25007400	10765	baj	baj	32587482	unr-009
25007404	10764	bajɛm	bajɛm	32587487	unr-008
25007412	10764	balam	balam	32587495	unr-008
25007413	10764	balbal	balbal	32587496	unr-008
25007414	10765	balbal	balbal	32587497	unr-009
25007426	10764	baluk	baluk	32587509	unr-008
25007429	10760	balɪʃ	balɪʃ	32587512	unr-004
25007430	10765	balɪʃ	balɪʃ	32587513	unr-009
25007437	10758	balˈbal	balbal	32587520	unr-002
25007438	10759	balˈbal	balbal	32587521	unr-003
25007439	10762	balˈbal	balbal	32587522	unr-006
25007440	10766	balˈbal	balbal	32587523	unr-010
25007470	10760	bandɾa	bandɾa	32587556	unr-004
25007471	10764	bandɾa	bandɾa	32587557	unr-008
25007472	10765	bandɾa	bandɾa	32587558	unr-009
25007488	10762	banˈda	banda	32587575	unr-006
25007489	10766	banˈda	banda	32587576	unr-010
25007497	10764	bar ɖʒajt	barɖʒajt	32587585	unr-008
25007506	10762	barabaˈri	barabari	32587600	unr-006
25007507	10766	barabaˈri	barabari	32587601	unr-010
25007510	10758	barf	barf	32587604	unr-002
25007516	10766	bariˈja	barija	32587610	unr-010
25007525	10764	baro	baro	32587621	unr-008
25007548	10759	barˈʧa	barʧa	32587644	unr-003
25007549	10762	barˈʧa	barʧa	32587645	unr-006
25007595	10758	baɛˈro	baɛro	32587692	unr-002
25007596	10764	baɡraw	baɡraw	32587693	unr-008
25007604	10764	baɽo	baɽo	32587702	unr-008
25007612	10760	baɾia	baɾia	32587710	unr-004
25007613	10764	baɾia	baɾia	32587711	unr-008
25007614	10765	baɾia	baɾia	32587712	unr-009
25007620	10760	baɾo	baɾo	32587718	unr-004
25007621	10765	baɾo	baɾo	32587719	unr-009
25007630	10760	baʈʃʰor	baʈʃhor	32587728	unr-004
25007644	10758	baˈha	baha	32587742	unr-002
25007649	10759	baˈhar	bahar	32587747	unr-003
25007652	10758	baˈhĩ	bahi	32587750	unr-002
25007654	10759	baˈjar	bajar	32587752	unr-003
25007655	10762	baˈjar	bajar	32587753	unr-006
25007656	10766	baˈjar	bajar	32587754	unr-010
25007660	10762	baˈleʔ uˑb	baleʔub	32587758	unr-006
25007663	10762	baˈras	baras	32587761	unr-006
25007664	10759	baˈria	baria	32587762	unr-003
25007665	10762	baˈria	baria	32587763	unr-006
25007670	10762	baˈuŋ	bauŋ	32587768	unr-006
25007678	10758	baˌha daˈni	bahadani	32587776	unr-002
25007686	10759	baː	ba	32587784	unr-003
25007687	10766	baː	ba	32587785	unr-010
25007700	10766	baːˈbu	babu	32587798	unr-010
25007746	10761	bes	bes	32587854	unr-005
25007747	10763	bes	bes	32587855	unr-007
25007754	10758	besˈgi	besgi	32587862	unr-002
25007767	10759	beʔ	beʔ	32587876	unr-003
25007769	10762	beˈra	bera	32587878	unr-006
25007770	10766	beˈra	bera	32587879	unr-010
25007771	10758	beˈʈa hon	beʈahon	32587880	unr-002
25007773	10758	beˈʈi hon	beʈihon	32587882	unr-002
25007821	10764	bilaj	bilaj	32587934	unr-008
25007839	10760	bili	bili	32587956	unr-004
25007840	10764	bili	bili	32587957	unr-008
25007841	10765	bili	bili	32587958	unr-009
25007856	10760	bin	bin	32587980	unr-004
25007857	10765	bin	bin	32587981	unr-009
25007874	10761	bint̪iɾɑm	bintiɾɑm	32587998	unr-005
25007875	10763	bint̪iɾɑm	bintiɾɑm	32587999	unr-007
25007878	10762	bir ʤiˈlu	birʤilu	32588002	unr-006
25007880	10762	bir	bir	32588004	unr-006
25007880	10762	bir	bir	32588005	unr-006
25007905	10758	bis	bis	32588037	unr-002
25007934	10758	bitˈre	bitre	32588068	unr-002
25007945	10759	biŋ	biŋ	32588079	unr-003
25007946	10761	biŋ	biŋ	32588080	unr-005
25007947	10762	biŋ	biŋ	32588081	unr-006
25007948	10763	biŋ	biŋ	32588082	unr-007
25007949	10764	biŋ	biŋ	32588083	unr-008
25007950	10766	biŋ	biŋ	32588084	unr-010
25007955	10763	biɖʒili	biɖʒili	32588089	unr-007
25007956	10764	biɖʒili	biɖʒili	32588090	unr-008
25007962	10765	biɖʒli	biɖʒli	32588096	unr-009
25007980	10760	biʃ	biʃ	32588114	unr-004
25007981	10764	biʃ	biʃ	32588115	unr-008
25007988	10759	biˈtar	bitar	32588122	unr-003
25007989	10762	biˈtar	bitar	32588123	unr-006
25007990	10766	biˈtər	bitər	32588124	unr-010
25007995	10758	biːr	bir	32588129	unr-002
25008000	10758	biːŋ	biŋ	32588135	unr-002
25008025	10766	bogoˈman	bogoman	32588161	unr-010
25008030	10760	bohoʔ	bohoʔ	32588166	unr-004
25008034	10758	bohˈʔo	bohʔo	32588170	unr-002
25008034	10758	bohˈʔo	bohʔo	32588171	unr-002
25008038	10764	bojɾa	bojɾa	32588175	unr-008
25008060	10760	bolo.o	boloo	32588198	unr-004
25008063	10764	bolo	bolo	32588201	unr-008
25008064	10765	bolo	bolo	32588202	unr-009
25008066	10760	bolom	bolom	32588204	unr-004
25008067	10765	bolom	bolom	32588205	unr-009
25008104	10759	borˈkod	borkod	32588243	unr-003
25008138	10760	boʈʃa	boʈʃa	32588281	unr-004
25008139	10765	boʈʃa	boʈʃa	32588282	unr-009
25008148	10766	boˈkoiɲ	bokoiɲ	32588291	unr-010
25008150	10766	boˈlom	bolom	32588293	unr-010
25008153	10762	boˈra	bora	32588296	unr-006
25008153	10762	boˈra	bora	32588299	unr-006
25008154	10758	boˈra	bora	32588297	unr-002
25008155	10759	boˈra	bora	32588298	unr-003
25008156	10766	boˈra	bora	32588300	unr-010
25008162	10759	boˈʔo	boʔo	32588306	unr-003
25008163	10766	boˈʧor	boʧor	32588307	unr-010
25008163	10766	boˈʧor	boʧor	32588309	unr-010
25008243	10761	buluŋ	buluŋ	32588392	unr-005
25008244	10763	buluŋ	buluŋ	32588393	unr-007
25008250	10760	bulʊŋ	bulʊŋ	32588399	unr-004
25008251	10764	bulʊŋ	bulʊŋ	32588400	unr-008
25008252	10765	bulʊŋ	bulʊŋ	32588401	unr-009
25008347	10760	buɡɪn	buɡɪn	32588502	unr-004
25008348	10765	buɡɪn	buɡɪn	32588503	unr-009
25008360	10760	buɾu	buɾu	32588515	unr-004
25008361	10765	buɾu	buɾu	32588516	unr-009
25008369	10758	buʈˈʈi	buʈʈi	32588524	unr-002
25008370	10759	buˈka	buka	32588525	unr-003
25008375	10758	buˈluŋ	buluŋ	32588530	unr-002
25008376	10759	buˈluŋ	buluŋ	32588531	unr-003
25008377	10762	buˈluŋ	buluŋ	32588532	unr-006
25008378	10766	buˈluŋ	buluŋ	32588533	unr-010
25008385	10759	buˈru	buru	32588540	unr-003
25008385	10759	buˈru	buru	32588545	unr-003
25008387	10766	buˈru	buru	32588538	unr-010
25008387	10766	buˈru	buru	32588542	unr-010
25008387	10766	buˈru	buru	32588547	unr-010
25008388	10762	buˈru	buru	32588546	unr-006
25008392	10758	buˈʈa	buʈa	32588551	unr-002
25008393	10759	buˈʈa	buʈa	32588552	unr-003
25008394	10762	buˈʈa	buʈa	32588553	unr-006
25008397	10759	buˈʈi	buʈi	32588556	unr-003
25008398	10762	buˈʈi	buʈi	32588557	unr-006
25008399	10766	buˈʈi	buʈi	32588558	unr-010
25008464	10761	bɐhɑ	bɐhɑ	32588632	unr-005
25008465	10763	bɐhɑ	bɐhɑ	32588633	unr-007
25008466	10763	bɐɾijɑ	bɐɾijɑ	32588634	unr-007
25008467	10761	bɑhɑkobi	bɑhɑkobi	32588635	unr-005
25008468	10763	bɑhɑkobi	bɑhɑkobi	32588636	unr-007
25008469	10761	bɑnɖɑsike	bɑnɖɑsike	32588637	unr-005
25008470	10761	bɑɾije	bɑɾije	32588638	unr-005
25008471	10761	bɑʈin	bɑʈin	32588639	unr-005
25008494	10763	bɔho	bɔho	32588662	unr-007
25008498	10765	bɔhɔʔ	bɔhɔʔ	32588666	unr-009
25008562	10764	bɔʈʃʰor	bɔʈʃhor	32588730	unr-008
25008563	10765	bɔʈʃʰor	bɔʈʃhor	32588731	unr-009
25008570	10761	bɔʔo	bɔʔo	32588738	unr-005
25008571	10764	bɔʔɔ	bɔʔɔ	32588739	unr-008
25008586	10760	bɛda	bɛda	32588754	unr-004
25008587	10764	bɛda	bɛda	32588755	unr-008
25008588	10765	bɛda	bɛda	32588756	unr-009
25008603	10764	bɛs	bɛs	32588774	unr-008
25008616	10761	bɛŋɡɑɖɑ	bɛŋɡɑɖɑ	32588787	unr-005
25008617	10764	bɛɖʒan	bɛɖʒan	32588788	unr-008
25008618	10763	bɛɾɑs	bɛɾɑs	32588789	unr-007
25008646	10764	bɪndɾam	bɪndɾam	32588817	unr-008
25008647	10765	bɪndɾam	bɪndɾam	32588818	unr-009
25008648	10760	bɪndɾʌm	bɪndɾʌm	32588819	unr-004
25008666	10760	bʰaluk	bhaluk	32588837	unr-004
25008667	10765	bʰaluk	bhaluk	32588838	unr-009
25008669	10758	bʰaˈsa	bhasa	32588840	unr-002
25008680	10758	bʰusuɳˈɖi	bhusuɳɖi	32588851	unr-002
25008686	10758	bʰãˈwa	bhawa	32588857	unr-002
25008770	10760	da.aʔ	daaʔ	32588946	unr-004
25008770	10760	da.aʔ	daaʔ	32588949	unr-004
25008771	10765	da.aʔ	daaʔ	32588947	unr-009
25008771	10765	da.aʔ	daaʔ	32588950	unr-009
25008827	10762	darˈsiŋ	darsiŋ	32589010	unr-006
25008828	10758	das	das	32589011	unr-002
25008833	10759	daŋgəˈɽa	daŋgəɽa	32589016	unr-003
25008834	10762	daŋgəˈɽa	daŋgəɽa	32589017	unr-006
25008835	10766	daŋgəˈɽa	daŋgəɽa	32589018	unr-010
25008847	10764	daɛr	daɛr	32589030	unr-008
25008849	10759	daɳˈʈi	daɳʈi	32589032	unr-003
25008854	10764	daɾi	daɾi	32589037	unr-008
25008859	10760	daɾu	daɾu	32589042	unr-004
25008860	10764	daɾu	daɾu	32589043	unr-008
25008861	10765	daɾu	daɾu	32589044	unr-009
25008893	10759	daʔ	daʔ	32589080	unr-003
25008894	10764	daʔa	daʔa	32589088	unr-008
25008894	10764	daʔa	daʔa	32589089	unr-008
25008899	10758	daˈdi	dadi	32589094	unr-002
25008900	10758	daˈdu	dadu	32589095	unr-002
25008901	10766	daˈiː	dai	32589096	unr-010
25008911	10758	daˈru	daru	32589106	unr-002
25008912	10759	daˈru	daru	32589107	unr-003
25008913	10762	daˈru	daru	32589108	unr-006
25008914	10766	daˈɽa	daɽa	32589109	unr-010
25008918	10758	daˈɽʰi	daɽhi	32589114	unr-002
25008920	10758	daˈʔa	daʔa	32589116	unr-002
25008920	10758	daˈʔa	daʔa	32589117	unr-002
25008921	10762	daˈʔa	daʔa	32589118	unr-006
25008922	10766	daˈʔa	daʔa	32589119	unr-010
25008924	10766	daˈʧu	daʧu	32589121	unr-010
25008935	10766	daːˈda	dada	32589132	unr-010
25008956	10758	deʊˈta boŋˈga	deʊtaboŋga	32589154	unr-002
25008958	10759	deˈja	deja	32589156	unr-003
25008959	10762	deˈja	deja	32589157	unr-006
25008960	10766	deˈja	deja	32589158	unr-010
25008966	10758	deˈwaːl	dewal	32589164	unr-002
25009024	10761	diŋɡɑʔɑ	diŋɡɑʔɑ	32589223	unr-005
25009027	10760	diɾi	diɾi	32589226	unr-004
25009028	10761	diɾi	diɾi	32589227	unr-005
25009029	10763	diɾi	diɾi	32589228	unr-007
25009030	10765	diɾi	diɾi	32589229	unr-009
25009035	10760	diɾɪŋ	diɾɪŋ	32589234	unr-004
25009036	10764	diɾɪŋ	diɾɪŋ	32589235	unr-008
25009037	10765	diɾɪŋ	diɾɪŋ	32589236	unr-009
25009045	10762	diˈla	dila	32589244	unr-006
25009052	10759	diˈpili	dipili	32589251	unr-003
25009055	10758	diˈri	diri	32589254	unr-002
25009056	10759	diˈri	diri	32589255	unr-003
25009057	10762	diˈri	diri	32589256	unr-006
25009058	10766	diˈri	diri	32589257	unr-010
25009061	10758	diˈriŋ	diriŋ	32589260	unr-002
25009062	10759	diˈriŋ	diriŋ	32589261	unr-003
25009063	10762	diˈriŋ	diriŋ	32589262	unr-006
25009064	10766	diˈriŋ	diriŋ	32589263	unr-010
25009081	10760	doja	doja	32589280	unr-004
25009082	10764	doja	doja	32589281	unr-008
25009083	10765	doja	doja	32589282	unr-009
25009087	10764	dola	dola	32589286	unr-008
25009112	10758	doˈja	doja	32589312	unr-002
25009113	10759	doˈreja	doreja	32589313	unr-003
25009118	10760	duar	duar	32589318	unr-004
25009126	10765	duaɽ	duaɽ	32589326	unr-009
25009127	10761	dub	dub	32589327	unr-005
25009145	10764	dular	dular	32589346	unr-008
25009146	10765	dular	dular	32589347	unr-009
25009158	10760	dulʌr	dulʌr	32589359	unr-004
25009170	10760	dup	dup	32589371	unr-004
25009171	10764	dup	dup	32589372	unr-008
25009172	10765	dup	dup	32589373	unr-009
25009192	10760	duɾa	duɾa	32589393	unr-004
25009193	10765	duɾa	duɾa	32589394	unr-009
25009196	10760	duɾaŋ	duɾaŋ	32589397	unr-004
25009197	10764	duɾaŋ	duɾaŋ	32589398	unr-008
25009198	10765	duɾaŋ	duɾaŋ	32589399	unr-009
25009201	10760	duɾum	duɾum	32589402	unr-004
25009202	10764	duɾum	duɾum	32589403	unr-008
25009203	10765	duɾum	duɾum	32589404	unr-009
25009215	10766	duˈdugar	dudugar	32589416	unr-010
25009216	10758	duˈra	dura	32589417	unr-002
25009217	10758	duˈsar koi	dusarkoi	32589418	unr-002
25009219	10759	duˈwar	duwar	32589420	unr-003
25009220	10762	duˈwar	duwar	32589421	unr-006
25009221	10766	duˈwər	duwər	32589422	unr-010
25009226	10762	duˈɽa	duɽa	32589427	unr-006
25009227	10759	duˈɽə	duɽə	32589428	unr-003
25009228	10758	duː	du	32589429	unr-002
25009271	10760	dɔʃ	dɔʃ	32589474	unr-004
25009272	10764	dɔʃ	dɔʃ	32589475	unr-008
25009283	10760	dɛal	dɛal	32589486	unr-004
25009284	10764	dɛal	dɛal	32589487	unr-008
25009285	10765	dɛal	dɛal	32589488	unr-009
25009300	10760	dɪn	dɪn	32589503	unr-004
25009301	10765	dɪn	dɪn	32589504	unr-009
25009332	10760	dʰanu	dhanu	32589537	unr-004
25009333	10764	dʰanu	dhanu	32589538	unr-008
25009334	10765	dʰanu	dhanu	32589539	unr-009
25009340	10758	dʰaɽˈkan	dhaɽkan	32589545	unr-002
25009341	10758	dʰaˈnuːs	dhanus	32589546	unr-002
25009344	10758	dʰaːr	dhar	32589549	unr-002
25009351	10764	dʰiɾi	dhiɾi	32589556	unr-008
25009379	10760	dʰuɾi	dhuɾi	32589584	unr-004
25009380	10764	dʰuɾi	dhuɾi	32589585	unr-008
25009380	10764	dʰuɾi	dhuɾi	32589593	unr-008
25009381	10765	dʰuɾi	dhuɾi	32589586	unr-009
25009389	10758	dʰuˈɽi	dhuɽi	32589595	unr-002
25009398	10761	d̪iɾiŋ	diɾiŋ	32589604	unr-005
25009399	10763	d̪iɾiŋ	diɾiŋ	32589605	unr-007
25009400	10763	d̪up	dup	32589606	unr-007
25009401	10761	d̪uʋɑɾ	duʋɑɾ	32589607	unr-005
25009402	10763	d̪ɑd̪ɑ	dɑdɑ	32589608	unr-007
25009403	10761	d̪ɑɾu	dɑɾu	32589609	unr-005
25009404	10763	d̪ɑɾu	dɑɾu	32589610	unr-007
25009405	10761	d̪ɑʔɑʔ	dɑʔɑʔ	32589611	unr-005
25009405	10761	d̪ɑʔɑʔ	dɑʔɑʔ	32589613	unr-005
25009406	10763	d̪ɑʔɑʔ	dɑʔɑʔ	32589612	unr-007
25009406	10763	d̪ɑʔɑʔ	dɑʔɑʔ	32589614	unr-007
25009407	10761	d̪ɑᵘɖa	dɑuɖa	32589615	unr-005
25009408	10763	d̪ɔlɑ	dɔlɑ	32589616	unr-007
25009427	10761	ejeː	eje	32589636	unr-005
25009462	10761	enlikɑ	enlikɑ	32589674	unr-005
25009470	10759	enˈtaʔ	entaʔ	32589682	unr-003
25009472	10758	enˈter dol	enterdol	32589685	unr-002
25009473	10758	enˈter	enter	32589686	unr-002
25009474	10762	epeˈraŋ	eperaŋ	32589687	unr-006
25009501	10762	erəˈlia	erəlia	32589717	unr-006
25009531	10759	eŋˈga	eŋga	32589749	unr-003
25009532	10758	eŋˈgaɲ	eŋgaɲ	32589750	unr-002
25009536	10761	eʈɑ eʈɑʔɑ	eʈɑeʈɑʔɑ	32589754	unr-005
25009537	10761	eʔt̪kɑ	eʔtkɑ	32589755	unr-005
25009538	10762	eˈaŋ	eaŋ	32589756	unr-006
25009539	10759	eˈja	eja	32589757	unr-003
25009544	10758	eˈman	eman	32589762	unr-002
25009545	10759	eˈna	ena	32589763	unr-003
25009546	10766	eˈna	ena	32589764	unr-010
25009547	10758	eˈnelem	enelem	32589765	unr-002
25009548	10759	eˈperaŋ	eperaŋ	32589766	unr-003
25009551	10758	eˈra	era	32589769	unr-002
25009551	10758	eˈra	era	32589773	unr-002
25009552	10759	eˈra	era	32589770	unr-003
25009562	10759	eˈʈaʔ	eʈaʔ	32589781	unr-003
25009563	10762	eˈʈaʔ	eʈaʔ	32589782	unr-006
25009564	10766	eˈʈaʔ	eʈaʔ	32589783	unr-010
25009572	10758	eːk	ek	32589791	unr-002
25009573	10766	eˑˈja	eja	32589792	unr-010
25009619	10759	gamˈla	gamla	32589843	unr-003
25009620	10762	gamˈla	gamla	32589844	unr-006
25009621	10766	gamˈla	gamla	32589845	unr-010
25009645	10758	garˈda	garda	32589871	unr-002
25009677	10758	gaɽˈha	gaɽha	32589907	unr-002
25009685	10759	gaˈdi	gadi	32589915	unr-003
25009686	10762	gaˈdi	gadi	32589916	unr-006
25009687	10766	gaˈdi	gadi	32589917	unr-010
25009689	10758	gaˈhʊ	gahʊ	32589919	unr-002
25009690	10758	gaˈla	gala	32589920	unr-002
25009693	10766	gaˈma	gama	32589923	unr-010
25009696	10758	gaˈpa ɦulaˈi	gapaɦulai	32589926	unr-002
25009699	10759	gaˈpa	gapa	32589929	unr-003
25009700	10766	gaˈpa	gapa	32589930	unr-010
25009705	10758	gaˈpa	gapa	32589935	unr-002
25009710	10758	gaˈti	gati	32589940	unr-002
25009712	10759	gaˈɖa	gaɖa	32589942	unr-003
25009720	10762	gaˈɽa	gaɽa	32589950	unr-006
25009721	10766	gaˈɽa	gaɽa	32589951	unr-010
25009724	10758	gaˈɽi	gaɽi	32589954	unr-002
25009725	10759	gaˈɽi	gaɽi	32589955	unr-003
25009748	10762	gel geˈlea	gelgelea	32589980	unr-006
25009756	10766	geleˈja	geleja	32589988	unr-010
25009780	10759	geˈlea	gelea	32590013	unr-003
25009781	10762	geˈlea	gelea	32590014	unr-006
25009942	10758	giˈtil	gitil	32590192	unr-002
25009943	10759	giˈtil	gitil	32590193	unr-003
25009944	10762	giˈtil	gitil	32590194	unr-006
25009945	10766	giˈtil	gitil	32590195	unr-010
25010024	10759	goˈhom hoˈloŋ	gohomholoŋ	32590276	unr-003
25010026	10758	goˈtar nuˈtum	gotarnutum	32590278	unr-002
25010031	10758	goˈʈa	goʈa	32590283	unr-002
25010211	10766	guɳˈɖa	guɳɖa	32590470	unr-010
25010224	10759	guˈsul uˑb˺	gusulub	32590483	unr-003
25010225	10759	guˈʧu	guʧu	32590484	unr-003
25010226	10762	guˈʧu	guʧu	32590485	unr-006
25010227	10766	guˈʧu	guʧu	32590486	unr-010
25010355	10758	gʊl	gʊl	32590617	unr-002
25010357	10758	gʰaɳˈʈa	ghaɳʈa	32590619	unr-002
25010358	10759	gʰaɳˈʈa	ghaɳʈa	32590620	unr-003
25010364	10758	gʰaˈsaɽ	ghasaɽ	32590626	unr-002
25010365	10759	gʰaˈʊ	ghaʊ	32590627	unr-003
25010368	10758	gʰoˈɽa	ghoɽa	32590630	unr-002
25010378	10764	habɛm	habɛm	32590641	unr-008
25010380	10764	hadɛm	hadɛm	32590643	unr-008
25010381	10765	hadɛm	hadɛm	32590644	unr-009
25010385	10760	hadʒar	hadʒar	32590648	unr-004
25010386	10764	hadʒar	hadʒar	32590649	unr-008
25010387	10765	hadʒar	hadʒar	32590650	unr-009
25010397	10760	haku	haku	32590668	unr-004
25010398	10764	haku	haku	32590669	unr-008
25010399	10765	haku	haku	32590670	unr-009
25010402	10760	hakɛ	hakɛ	32590675	unr-004
25010403	10764	hakɛ	hakɛ	32590676	unr-008
25010404	10765	hakɛ	hakɛ	32590677	unr-009
25010409	10765	hamal	hamal	32590682	unr-009
25010420	10760	hambal	hambal	32590693	unr-004
25010421	10764	hambal	hambal	32590694	unr-008
25010428	10760	hana	hana	32590701	unr-004
25010429	10764	hana	hana	32590702	unr-008
25010430	10765	hana	hana	32590703	unr-009
25010437	10760	hanako	hanako	32590710	unr-004
25010438	10764	hanako	hanako	32590711	unr-008
25010439	10765	hanako	hanako	32590712	unr-009
25010450	10760	handi	handi	32590723	unr-004
25010453	10760	hanku	hanku	32590726	unr-004
25010454	10765	hanku	hanku	32590727	unr-009
25010459	10762	hanˈtaʔ	hantaʔ	32590733	unr-006
25010468	10760	hapta	hapta	32590743	unr-004
25010469	10765	hapta	hapta	32590744	unr-009
25010477	10758	hapˈta	hapta	32590752	unr-002
25010478	10766	hapˈta	hapta	32590753	unr-010
25010484	10764	harin	harin	32590759	unr-008
25010488	10760	harta	harta	32590766	unr-004
25010499	10764	hasa	hasa	32590783	unr-008
25010500	10765	hasa	hasa	32590784	unr-009
25010514	10760	hati	hati	32590798	unr-004
25010515	10764	hati	hati	32590799	unr-008
25010516	10765	hati	hati	32590800	unr-009
25010523	10760	hatu	hatu	32590807	unr-004
25010524	10764	hatu	hatu	32590808	unr-008
25010525	10765	hatu	hatu	32590809	unr-009
25010527	10758	hatˈtu	hattu	32590811	unr-002
25010528	10760	hawa.a	hawaa	32590812	unr-004
25010532	10765	hawaʔ	hawaʔ	32590816	unr-009
25010538	10760	haɽat	haɽat	32590822	unr-004
25010539	10764	haɽaʔ	haɽaʔ	32590823	unr-008
25010547	10765	haɽhat	haɽhat	32590831	unr-009
25010550	10765	haɾiar	haɾiar	32590834	unr-009
25010551	10760	haɾiʌr	haɾiʌr	32590835	unr-004
25010552	10760	haɾɪn	haɾɪn	32590836	unr-004
25010553	10765	haɾɪn	haɾɪn	32590837	unr-009
25010557	10760	haʃa	haʃa	32590841	unr-004
25010566	10758	haˈga	haga	32590850	unr-002
25010567	10759	haˈga	haga	32590851	unr-003
25010568	10766	haˈga	haga	32590852	unr-010
25010569	10762	haˈgaɲ	hagaɲ	32590853	unr-006
25010570	10766	haˈi	hai	32590854	unr-010
25010573	10758	haˈku	haku	32590857	unr-002
25010580	10762	haˈneʔ	haneʔ	32590864	unr-006
25010586	10766	haˈsu	hasu	32590870	unr-010
25010589	10759	haˈtaŋ	hataŋ	32590873	unr-003
25010597	10759	haˈtu	hatu	32590881	unr-003
25010598	10762	haˈtu	hatu	32590882	unr-006
25010599	10766	haˈtu	hatu	32590883	unr-010
25010601	10762	haˈɽa	haɽa	32590885	unr-006
25010619	10763	hen	hen	32590903	unr-007
25010622	10766	henˈsaʔ	hensaʔ	32590906	unr-010
25010622	10766	henˈsaʔ	hensaʔ	32590908	unr-010
25010623	10759	henˈsaʔ	hensaʔ	32590907	unr-003
25010624	10762	henˈsaʔ	hensaʔ	32590909	unr-006
25010625	10766	henˈtaʔ	hentaʔ	32590910	unr-010
25010625	10766	henˈtaʔ	hentaʔ	32590911	unr-010
25010632	10762	heˈna	hena	32590919	unr-006
25010634	10758	heˈrel	herel	32590921	unr-002
25010641	10760	hilaŋ	hilaŋ	32590929	unr-004
25010642	10764	hilaŋ	hilaŋ	32590930	unr-008
25010643	10765	hilaŋ	hilaŋ	32590931	unr-009
25010655	10760	hita	hita	32590943	unr-004
25010656	10760	hiɖʒu	hiɖʒu	32590944	unr-004
25010657	10761	hiɖʒu	hiɖʒu	32590945	unr-005
25010658	10763	hiɖʒu	hiɖʒu	32590946	unr-007
25010659	10764	hiɖʒu	hiɖʒu	32590947	unr-008
25010670	10761	hiʈʃiɾ	hiʈʃiɾ	32590958	unr-005
25010673	10759	hiˈsi	hisi	32590961	unr-003
25010674	10766	hiˈsi	hisi	32590962	unr-010
25010675	10762	hiˈʤu hulaŋ	hiʤuhulaŋ	32590963	unr-006
25010678	10761	hojo	hojo	32590967	unr-005
25010679	10763	hojo	hojo	32590968	unr-007
25010680	10764	hojo	hojo	32590969	unr-008
25010681	10765	hojo	hojo	32590970	unr-009
25010684	10760	hola	hola	32590973	unr-004
25010685	10765	hola	hola	32590974	unr-009
25010694	10758	hon	hon	32590983	unr-002
25010695	10759	hon	hon	32590984	unr-003
25010696	10762	hon	hon	32590985	unr-006
25010697	10766	hon	hon	32590986	unr-010
25010699	10764	hondɛr	hondɛr	32590988	unr-008
25010711	10760	hormo	hormo	32591001	unr-004
25010712	10764	hormo	hormo	32591002	unr-008
25010713	10765	hormo	hormo	32591003	unr-009
25010717	10761	hoɖmo	hoɖmo	32591007	unr-005
25010718	10763	hoɖmo	hoɖmo	32591008	unr-007
25010719	10761	hoɭɑ	hoɭɑ	32591009	unr-005
25010727	10759	hoɽoˈmo	hoɽomo	32591017	unr-003
25010728	10758	hoɽəˈmo	hoɽəmo	32591018	unr-002
25010728	10758	hoɽəˈmo	hoɽəmo	32591021	unr-002
25010729	10762	hoɽəˈmo	hoɽəmo	32591019	unr-006
25010730	10766	hoɽəˈmo	hoɽəmo	32591020	unr-010
25010733	10760	hoɾa	hoɾa	32591024	unr-004
25010733	10760	hoɾa	hoɾa	32591025	unr-004
25010745	10760	hoʈoʔ	hoʈoʔ	32591038	unr-004
25010749	10759	hoˈjo	hojo	32591042	unr-003
25010750	10762	hoˈjo	hojo	32591043	unr-006
25010751	10766	hoˈjo	hojo	32591044	unr-010
25010754	10759	hoˈla	hola	32591047	unr-003
25010755	10762	hoˈla	hola	32591048	unr-006
25010756	10766	hoˈla	hola	32591049	unr-010
25010764	10758	hoˈloŋ	holoŋ	32591057	unr-002
25010765	10762	hoˈloŋ	holoŋ	32591058	unr-006
25010766	10766	hoˈloŋ	holoŋ	32591059	unr-010
25010771	10758	hoˈra	hora	32591065	unr-002
25010772	10759	hoˈra	hora	32591066	unr-003
25010773	10762	hoˈra	hora	32591067	unr-006
25010774	10766	hoˈra	hora	32591068	unr-010
25010776	10758	hoˈɽo	hoɽo	32591070	unr-002
25010776	10758	hoˈɽo	hoɽo	32591071	unr-002
25010777	10759	hoˈɽo	hoɽo	32591072	unr-003
25010778	10766	hoˈɽo	hoɽo	32591073	unr-010
25010780	10759	hoˈʈoʔ	hoʈoʔ	32591075	unr-003
25010781	10762	hoˈʈoʔ	hoʈoʔ	32591076	unr-006
25010782	10766	hoˈʈoʔ	hoʈoʔ	32591077	unr-010
25010799	10764	huduma	huduma	32591094	unr-008
25010800	10765	huduma	huduma	32591095	unr-009
25010814	10760	hudɪŋ haɡa	hudɪŋhaɡa	32591109	unr-004
25010815	10764	hudɪŋ haɡa	hudɪŋhaɡa	32591110	unr-008
25010816	10765	hudɪŋ haɡa	hudɪŋhaɡa	32591111	unr-009
25010817	10760	hudɪŋ misi	hudɪŋmisi	32591112	unr-004
25010818	10764	hudɪŋ misi	hudɪŋmisi	32591113	unr-008
25010819	10765	hudɪŋ misi	hudɪŋmisi	32591114	unr-009
25010820	10764	hudɪŋ	hudɪŋ	32591115	unr-008
25010820	10764	hudɪŋ	hudɪŋ	32591116	unr-008
25010821	10765	hudɪŋ	hudɪŋ	32591117	unr-009
25010823	10760	huni	huni	32591119	unr-004
25010824	10764	huni	huni	32591120	unr-008
25010825	10765	huni	huni	32591121	unr-009
25010834	10760	hutma	hutma	32591130	unr-004
25010835	10761	huɑʔɑ	huɑʔɑ	32591131	unr-005
25010836	10761	huɖiŋ hɑɡɑ	huɖiŋhɑɡɑ	32591132	unr-005
25010837	10763	huɖiŋ	huɖiŋ	32591133	unr-007
25010837	10763	huɖiŋ	huɖiŋ	32591134	unr-007
25010840	10760	huɖɪŋ	huɖɪŋ	32591137	unr-004
25010840	10760	huɖɪŋ	huɖɪŋ	32591141	unr-004
25010841	10764	huɖɪŋ	huɖɪŋ	32591138	unr-008
25010841	10764	huɖɪŋ	huɖɪŋ	32591142	unr-008
25010842	10765	huɖɪŋ	huɖɪŋ	32591143	unr-009
25010846	10761	huɽiŋ	huɽiŋ	32591147	unr-005
25010847	10763	huɽiŋ	huɽiŋ	32591148	unr-007
25010855	10764	huɾumsuku	huɾumsuku	32591156	unr-008
25010857	10759	huˈləŋ	huləŋ	32591158	unr-003
25010860	10762	huˈmu	humu	32591161	unr-006
25010861	10766	huˈmu	humu	32591162	unr-010
25010862	10758	huˈɖiŋ haga	huɖiŋhaga	32591163	unr-002
25010864	10758	huˈɖiŋ misi	huɖiŋmisi	32591165	unr-002
25010869	10762	huˈɽiŋ ge	huɽiŋge	32591170	unr-006
25010870	10759	huˈɽiŋ haga	huɽiŋhaga	32591171	unr-003
25010871	10762	huˈɽiŋ haga	huɽiŋhaga	32591172	unr-006
25010872	10759	huˈɽiŋ leka	huɽiŋleka	32591173	unr-003
25010874	10759	huˈɽiŋ misi	huɽiŋmisi	32591175	unr-003
25010875	10762	huˈɽiŋ misi	huɽiŋmisi	32591176	unr-006
25010876	10766	huˈɽiŋ miˈsi	huɽiŋmisi	32591177	unr-010
25010877	10766	huˈɽiŋ	huɽiŋ	32591178	unr-010
25010918	10761	hɐke	hɐke	32591222	unr-005
25010919	10763	hɐke	hɐke	32591223	unr-007
25010920	10761	hɐmbɑl	hɐmbɑl	32591224	unr-005
25010921	10763	hɐmbɑl	hɐmbɑl	32591225	unr-007
25010922	10763	hɐpt̪ɑ	hɐptɑ	32591226	unr-007
25010923	10761	hɐt̪u	hɐtu	32591227	unr-005
25010924	10763	hɐt̪u	hɐtu	32591228	unr-007
25010925	10763	hɐɡɑ	hɐɡɑ	32591229	unr-007
25010926	10761	hɑi	hɑi	32591230	unr-005
25010927	10763	hɑnku	hɑnku	32591231	unr-007
25010928	10761	hɑnɑ	hɑnɑ	32591232	unr-005
25010929	10763	hɑnɑ	hɑnɑ	32591233	unr-007
25010930	10761	hɑnɑko	hɑnɑko	32591234	unr-005
25010940	10760	hɔjo	hɔjo	32591244	unr-004
25010941	10764	hɔla	hɔla	32591245	unr-008
25010976	10763	hɔɖo	hɔɖo	32591282	unr-007
25010977	10763	hɔɭɑ	hɔɭɑ	32591283	unr-007
25010979	10765	hɔɾa	hɔɾa	32591285	unr-009
25010979	10765	hɔɾa	hɔɾa	32591287	unr-009
25010980	10764	hɔɾa	hɔɾa	32591286	unr-008
25010983	10760	hɔɾɔ	hɔɾɔ	32591290	unr-004
25010984	10764	hɔɾɔ	hɔɾɔ	32591291	unr-008
25010984	10764	hɔɾɔ	hɔɾɔ	32591293	unr-008
25010985	10765	hɔɾɔ	hɔɾɔ	32591292	unr-009
25010992	10764	hɔʈɔ oʔ	hɔʈɔoʔ	32591300	unr-008
25010993	10765	hɔʈɔ oʔ	hɔʈɔoʔ	32591301	unr-009
25011017	10760	hɛndɛ	hɛndɛ	32591325	unr-004
25011018	10764	hɛndɛ	hɛndɛ	32591326	unr-008
25011019	10765	hɛndɛ	hɛndɛ	32591327	unr-009
25011027	10761	hɛnd̪e	hɛnde	32591335	unr-005
25011028	10763	hɛnt̪e	hɛnte	32591336	unr-007
25011034	10765	hɛɖʒuʔ	hɛɖʒuʔ	32591342	unr-009
25011040	10760	hɛɾɛl	hɛɾɛl	32591348	unr-004
25011050	10760	hɛɾɛm	hɛɾɛm	32591358	unr-004
25011051	10764	hɛɾɛm	hɛɾɛm	32591359	unr-008
25011052	10765	hɛɾɛm	hɛɾɛm	32591360	unr-009
25011125	10763	hʌku	hʌku	32591433	unr-007
25011177	10765	ikir	ikir	32591486	unr-009
25011191	10760	ilɪn	ilɪn	32591504	unr-004
25011192	10765	ilɪn	ilɪn	32591505	unr-009
25011206	10760	in	in	32591524	unr-004
25011207	10764	in	in	32591525	unr-008
25011208	10765	in	in	32591526	unr-009
25011213	10760	ini	ini	32591537	unr-004
25011214	10761	ini	ini	32591538	unr-005
25011215	10763	ini	ini	32591539	unr-007
25011216	10764	ini	ini	32591540	unr-008
25011217	10765	ini	ini	32591541	unr-009
25011221	10761	inku	inku	32591546	unr-005
25011223	10758	inkəˈʔa log	inkəʔalog	32591548	unr-002
25011230	10766	inˈku	inku	32591556	unr-010
25011230	10766	inˈku	inku	32591558	unr-010
25011231	10758	inˈku	inku	32591557	unr-002
25011237	10760	ipil	ipil	32591568	unr-004
25011238	10761	ipil	ipil	32591569	unr-005
25011239	10763	ipil	ipil	32591570	unr-007
25011240	10764	ipil	ipil	32591571	unr-008
25011241	10765	ipil	ipil	32591572	unr-009
25011252	10766	irliˈja	irlija	32591590	unr-010
25011254	10759	irəliˈa	irəlia	32591592	unr-003
25011269	10765	isin	isin	32591611	unr-009
25011276	10763	isiŋ	isiŋ	32591618	unr-007
25011288	10764	isɪŋ	isɪŋ	32591630	unr-008
25011289	10765	isɪŋ	isɪŋ	32591631	unr-009
25011302	10760	itil	itil	32591645	unr-004
25011303	10764	itil	itil	32591646	unr-008
25011304	10765	itil	itil	32591647	unr-009
25011326	10761	it̪il	itil	32591669	unr-005
25011327	10763	it̪il	itil	32591670	unr-007
25011355	10763	iɲ	iɲ	32591699	unr-007
25011358	10758	iɲˈʔa log	iɲʔalog	32591702	unr-002
25011360	10761	iɾɑlije	iɾɑlije	32591704	unr-005
25011361	10765	iɾɨl	iɾɨl	32591705	unr-009
25011368	10760	iʃiŋ	iʃiŋ	32591712	unr-004
25011368	10760	iʃiŋ	iʃiŋ	32591714	unr-004
25011371	10758	iˈna	ina	32591716	unr-002
25011372	10758	iˈni	ini	32591717	unr-002
25011374	10762	iˈnuŋ piɽi	inuŋpiɽi	32591720	unr-006
25011378	10758	iˈpil	ipil	32591724	unr-002
25011379	10759	iˈpil	ipil	32591725	unr-003
25011380	10762	iˈpil	ipil	32591726	unr-006
25011381	10766	iˈpil	ipil	32591727	unr-010
25011392	10759	iˈsor	isor	32591738	unr-003
25011396	10759	iˈtil	itil	32591742	unr-003
25011397	10762	iˈtil	itil	32591743	unr-006
25011398	10766	iˈtil	itil	32591744	unr-010
25011408	10762	iːl	il	32591754	unr-006
25011409	10766	iːl	il	32591755	unr-010
25011414	10762	iːm	im	32591760	unr-006
25011415	10766	iːm	im	32591761	unr-010
25011422	10759	iˑl	il	32591768	unr-003
25011527	10760	ka buɡin	kabuɡin	32591882	unr-004
25011530	10765	ka buɡina	kabuɡina	32591885	unr-009
25011569	10758	kaleˈʤa	kaleʤa	32591926	unr-002
25011587	10760	kami	kami	32591944	unr-004
25011588	10764	kami	kami	32591945	unr-008
25011589	10765	kami	kami	32591946	unr-009
25011619	10760	kanʈʰaɽ	kanʈhaɽ	32591976	unr-004
25011620	10764	kanʈʰaɽ	kanʈhaɽ	32591977	unr-008
25011621	10765	kanʈʰaɽ	kanʈhaɽ	32591978	unr-009
25011652	10760	kati.i	katii	32592009	unr-004
25011656	10760	katu	katu	32592013	unr-004
25011657	10765	katu	katu	32592014	unr-009
25011675	10760	kaɖʒi	kaɖʒi	32592032	unr-004
25011676	10764	kaɖʒi	kaɖʒi	32592033	unr-008
25011677	10765	kaɖʒi	kaɖʒi	32592034	unr-009
25011681	10760	kaɡaɖʒ	kaɡaɖʒ	32592038	unr-004
25011682	10765	kaɡaɖʒ	kaɡaɖʒ	32592039	unr-009
25011694	10758	kaɳʈʰ	kaɳʈh	32592051	unr-002
25011705	10760	kaʈa	kaʈa	32592062	unr-004
25011706	10764	kaʈa	kaʈa	32592063	unr-008
25011707	10765	kaʈa	kaʈa	32592064	unr-009
25011726	10758	kaˈgaʤ	kagaʤ	32592087	unr-002
25011727	10762	kaˈgaʤ	kagaʤ	32592088	unr-006
25011728	10766	kaˈgaʤ	kagaʤ	32592089	unr-010
25011739	10758	kaˈmi	kami	32592100	unr-002
25011740	10759	kaˈmi	kami	32592101	unr-003
25011741	10766	kaˈmi	kami	32592102	unr-010
25011744	10759	kaˈnaʔ	kanaʔ	32592105	unr-003
25011745	10762	kaˈpi	kapi	32592106	unr-006
25011749	10759	kaˈtu	katu	32592110	unr-003
25011750	10766	kaˈtu	katu	32592111	unr-010
25011754	10758	kaˈʈa	kaʈa	32592115	unr-002
25011755	10759	kaˈʈa	kaʈa	32592116	unr-003
25011756	10762	kaˈʈa	kaʈa	32592117	unr-006
25011757	10766	kaˈʈa	kaʈa	32592118	unr-010
25011760	10758	kaˈʈub˺	kaʈub	32592121	unr-002
25011764	10762	kaˈʈuʔ	kaʈuʔ	32592125	unr-006
25011765	10758	kaˈʈʰuːt	kaʈhut	32592126	unr-002
25011768	10758	kaˈʧa	kaʧa	32592129	unr-002
25011783	10759	kaˑˈgoʤ	kagoʤ	32592144	unr-003
25011847	10761	keɖɑ	keɖɑ	32592208	unr-005
25011978	10760	kiwa	kiwa	32592345	unr-004
25011979	10765	kiwa	kiwa	32592346	unr-009
25011990	10762	kiɽəˈki	kiɽəki	32592357	unr-006
25011991	10760	kiɽɪn	kiɽɪn	32592358	unr-004
25011997	10766	kiɽˈki	kiɽki	32592364	unr-010
25012001	10764	kiɾɪn	kiɾɪn	32592368	unr-008
25012002	10765	kiɾɪn	kiɾɪn	32592369	unr-009
25012013	10759	kiˈli	kili	32592380	unr-003
25012014	10762	kiˈli	kili	32592381	unr-006
25012015	10766	kiˈli	kili	32592382	unr-010
25012016	10759	kiˈsan	kisan	32592383	unr-003
25012017	10762	kiˈsan	kisan	32592384	unr-006
25012018	10762	kiˈwa	kiwa	32592385	unr-006
25012019	10758	kiˈʧir	kiʧir	32592386	unr-002
25012111	10760	kosɛar	kosɛar	32592472	unr-004
25012112	10765	kosɛar	kosɛar	32592473	unr-009
25012118	10760	koto	koto	32592479	unr-004
25012119	10765	koto	koto	32592480	unr-009
25012123	10765	kotʰa	kotha	32592484	unr-009
25012125	10758	kotˈtʰa	kottha	32592486	unr-002
25012130	10761	koɖɑ hõn	koɖɑhon	32592492	unr-005
25012131	10761	koɖɑ	koɖɑ	32592493	unr-005
25012131	10761	koɖɑ	koɖɑ	32592495	unr-005
25012132	10763	koɖɑ	koɖɑ	32592494	unr-007
25012133	10760	koɽa	koɽa	32592496	unr-004
25012152	10760	koɾa hon	koɾahon	32592522	unr-004
25012153	10764	koɾa hon	koɾahon	32592523	unr-008
25012154	10765	koɾa hon	koɾahon	32592524	unr-009
25012165	10764	koɾa	koɾa	32592535	unr-008
25012165	10764	koɾa	koɾa	32592539	unr-008
25012166	10765	koɾa	koɾa	32592536	unr-009
25012166	10765	koɾa	koɾa	32592540	unr-009
25012171	10765	koʈasi	koʈasi	32592543	unr-009
25012172	10760	koʈaʃi	koʈaʃi	32592544	unr-004
25012174	10761	koʈɑsi	koʈɑsi	32592546	unr-005
25012176	10760	koʈʰa	koʈha	32592548	unr-004
25012177	10758	koˈka	koka	32592549	unr-002
25012178	10759	koˈpaɳʈaʔ	kopaɳʈaʔ	32592550	unr-003
25012179	10759	koˈsaʔ	kosaʔ	32592551	unr-003
25012180	10766	koˈsaʔ	kosaʔ	32592552	unr-010
25012181	10759	koˈtaʔ	kotaʔ	32592553	unr-003
25012182	10766	koˈtaʔ	kotaʔ	32592554	unr-010
25012187	10759	koˈto	koto	32592559	unr-003
25012188	10762	koˈto	koto	32592560	unr-006
25012190	10762	koˈɽa hon	koɽahon	32592563	unr-006
25012192	10766	koˈɽa	koɽa	32592565	unr-010
25012192	10766	koˈɽa	koɽa	32592568	unr-010
25012193	10759	koˈɽa	koɽa	32592566	unr-003
25012194	10762	koˈɽa	koɽa	32592567	unr-006
25012246	10764	kujjar	kujjar	32592621	unr-008
25012275	10760	kula	kula	32592650	unr-004
25012276	10764	kula	kula	32592651	unr-008
25012277	10765	kula	kula	32592652	unr-009
25012280	10760	kulhaj	kulhaj	32592655	unr-004
25012281	10764	kulhaj	kulhaj	32592656	unr-008
25012282	10765	kulhaj	kulhaj	32592657	unr-009
25012311	10764	kumbʰir	kumbhir	32592689	unr-008
25012320	10760	kumu	kumu	32592698	unr-004
25012321	10764	kumu	kumu	32592699	unr-008
25012322	10765	kumu	kumu	32592700	unr-009
25012325	10760	kumuɾu	kumuɾu	32592703	unr-004
25012326	10764	kumuɾu	kumuɾu	32592704	unr-008
25012327	10765	kumuɾu	kumuɾu	32592705	unr-009
25012426	10761	kuɖi hõn	kuɖihon	32592809	unr-005
25012427	10763	kuɖi	kuɖi	32592810	unr-007
25012427	10763	kuɖi	kuɖi	32592813	unr-007
25012428	10761	kuɖi	kuɖi	32592811	unr-005
25012428	10761	kuɖi	kuɖi	32592812	unr-005
25012437	10762	kuɳˈʈa	kuɳʈa	32592824	unr-006
25012438	10766	kuɳˈʈa	kuɳʈa	32592825	unr-010
25012441	10759	kuɳˈʈə	kuɳʈə	32592828	unr-003
25012446	10760	kuɾi hon	kuɾihon	32592833	unr-004
25012447	10764	kuɾi hon	kuɾihon	32592834	unr-008
25012448	10765	kuɾi hon	kuɾihon	32592835	unr-009
25012459	10765	kuɾi	kuɾi	32592846	unr-009
25012459	10765	kuɾi	kuɾi	32592848	unr-009
25012459	10765	kuɾi	kuɾi	32592853	unr-009
25012460	10764	kuɾi	kuɾi	32592847	unr-008
25012460	10764	kuɾi	kuɾi	32592852	unr-008
25012463	10760	kuɾi	kuɾi	32592851	unr-004
25012474	10764	kuʈuŋɡi	kuʈuŋɡi	32592864	unr-008
25012479	10758	kuˈɲa	kuɲa	32592869	unr-002
25012480	10759	kuˈɽam	kuɽam	32592870	unr-003
25012481	10762	kuˈɽam	kuɽam	32592871	unr-006
25012482	10766	kuˈɽam	kuɽam	32592872	unr-010
25012484	10762	kuˈɽi hon	kuɽihon	32592874	unr-006
25012485	10762	kuˈɽi nuˌnu	kuɽinunu	32592875	unr-006
25012487	10766	kuˈɽi	kuɽi	32592877	unr-010
25012487	10766	kuˈɽi	kuɽi	32592880	unr-010
25012488	10759	kuˈɽi	kuɽi	32592878	unr-003
25012489	10762	kuˈɽi	kuɽi	32587121	unr-006
25012489	10762	kuˈɽi	kuɽi	32592879	unr-006
25012498	10763	kũɑ̃	kuɑ	32592890	unr-007
25012538	10759	kõãˈsi	koasi	32592930	unr-003
25012562	10766	kũaˈsi	kuasi	32592954	unr-010
25012568	10758	kũãˈsa	kuasa	32592960	unr-002
25012569	10762	kũãˈsi	kuasi	32592961	unr-006
25012572	10762	kũˈã	kua	32592964	unr-006
25012581	10761	kɐd̪ɐɭ	kɐdɐɭ	32592975	unr-005
25012582	10761	kɐt̪u	kɐtu	32592976	unr-005
25012583	10763	kɐt̪u	kɐtu	32592977	unr-007
25012584	10763	kɐɖʒi	kɐɖʒi	32592978	unr-007
25012585	10761	kɐʈuʔu	kɐʈuʔu	32592979	unr-005
25012586	10763	kɑd̪ɛɭ	kɑdɛɭ	32592980	unr-007
25012606	10760	kɔla	kɔla	32593000	unr-004
25012607	10764	kɔla	kɔla	32593001	unr-008
25012608	10765	kɔla	kɔla	32593002	unr-009
25012696	10758	kənˈdʰa	kəndha	32593095	unr-002
25012715	10760	kɛɖa	kɛɖa	32593114	unr-004
25012716	10765	kɛɖa	kɛɖa	32593115	unr-009
25012717	10763	kɛɖɑ	kɛɖɑ	32593116	unr-007
25012776	10764	kʰilki	khilki	32593183	unr-008
25012778	10758	kʰiɽˈki	khiɽki	32593185	unr-002
25012781	10758	kʰudˈdi	khuddi	32593188	unr-002
25012786	10758	kʰuɳˈʈu	khuɳʈu	32593193	unr-002
25012787	10763	kʰɐpɾɑ	khɐpɾɑ	32593194	unr-007
25012824	10760	lahai̯t	lahait	32593232	unr-004
25012825	10765	lahai̯t	lahait	32593233	unr-009
25012829	10758	lahˈʔi	lahʔi	32593237	unr-002
25012837	10764	lai̯t	lait	32593247	unr-008
25012867	10760	landa	landa	32593278	unr-004
25012868	10764	landa	landa	32593279	unr-008
25012869	10765	landa	landa	32593280	unr-009
25012900	10760	latar	latar	32593311	unr-004
25012901	10764	latar	latar	32593312	unr-008
25012902	10765	latar	latar	32593313	unr-009
25012917	10760	latʰar	lathar	32593328	unr-004
25012922	10760	lauka	lauka	32593334	unr-004
25012923	10765	lauka	lauka	32593335	unr-009
25012954	10759	laˈseˑr	laser	32593368	unr-003
25012958	10758	laˈtar	latar	32593372	unr-002
25012959	10759	laˈtar	latar	32593373	unr-003
25012960	10762	laˈtar	latar	32593374	unr-006
25012961	10766	laˈtar	latar	32593375	unr-010
25012967	10762	laˈʧo	laʧo	32593381	unr-006
25012967	10762	laˈʧo	laʧo	32593384	unr-006
25012968	10766	laˈʧo	laʧo	32593382	unr-010
25012968	10766	laˈʧo	laʧo	32593385	unr-010
25012969	10759	laˈʧo	laʧo	32593383	unr-003
25012973	10766	laˑˈiʔ	laiʔ	32593391	unr-010
25012974	10759	laˑˈri	lari	32593392	unr-003
25012975	10762	laˑˈri	lari	32593393	unr-006
25012976	10766	laˑˈri	lari	32593394	unr-010
25013033	10766	leŋgaˈtiʔisaʔ	leŋgatiʔisaʔ	32593453	unr-010
25013037	10758	leŋˈga	leŋga	32593457	unr-002
25013038	10759	leŋˈga	leŋga	32593458	unr-003
25013047	10766	leʔ	leʔ	32593468	unr-010
25013049	10762	leˈka	leka	32593470	unr-006
25013050	10766	leˈka	leka	32593471	unr-010
25013054	10759	leˈle baɳˈɖa	lelebaɳɖa	32593475	unr-003
25013057	10759	leˈneka	leneka	32593478	unr-003
25013061	10762	leˈser	leser	32593482	unr-006
25013062	10766	leˈser	leser	32593483	unr-010
25013063	10762	leˌle baˌᶯɖa biˈŋaʔ oŋ	lelebaɳɖabiŋaʔoŋ	32593484	unr-006
25013066	10762	leᵑgaˈsaʔ	leŋgasaʔ	32593487	unr-006
25013093	10764	lil	lil	32593516	unr-008
25013124	10766	liˈʤaʔ	liʤaʔ	32593548	unr-010
25013125	10762	liˈʤaʔa	liʤaʔa	32593549	unr-006
25013150	10760	lolo	lolo	32593575	unr-004
25013151	10764	lolo	lolo	32593576	unr-008
25013152	10765	lolo	lolo	32593577	unr-009
25013152	10765	lolo	lolo	32593585	unr-009
25013175	10758	loˈjoŋ	lojoŋ	32593606	unr-002
25013176	10762	loˈjoŋ	lojoŋ	32593607	unr-006
25013204	10763	luhʊɾbiŋ	luhʊɾbiŋ	32593640	unr-007
25013213	10761	lum	lum	32593649	unr-005
25013214	10763	lum	lum	32593650	unr-007
25013220	10764	lun	lun	32593656	unr-008
25013240	10760	lutur	lutur	32593680	unr-004
25013241	10764	lutur	lutur	32593681	unr-008
25013242	10765	lutur	lutur	32593682	unr-009
25013243	10761	lut̪uɾ	lutuɾ	32593690	unr-005
25013244	10763	lut̪uɾ	lutuɾ	32593691	unr-007
25013258	10758	luˈtur	lutur	32593705	unr-002
25013259	10759	luˈtur	lutur	32593706	unr-003
25013260	10762	luˈtur	lutur	32593707	unr-006
25013261	10766	luˈtur	lutur	32593708	unr-010
25013303	10763	lɐt̪ɑɾ	lɐtɑɾ	32593751	unr-007
25013304	10763	lɑheʔ	lɑheʔ	32593752	unr-007
25013305	10761	lɑt̪ɑɾ	lɑtɑɾ	32593753	unr-005
25013306	10761	lɑʔi	lɑʔi	32593754	unr-005
25013327	10760	lɔhɔt	lɔhɔt	32593776	unr-004
25013328	10765	lɔhɔt	lɔhɔt	32593777	unr-009
25013339	10761	lɔlo	lɔlo	32593788	unr-005
25013340	10763	lɔlo	lɔlo	32593789	unr-007
25013355	10763	lɔso	lɔso	32593804	unr-007
25013356	10761	lɔsot̪˺	lɔsot	32593805	unr-005
25013360	10760	lɔsɔt	lɔsɔt	32593809	unr-004
25013361	10764	lɔsɔt	lɔsɔt	32593810	unr-008
25013362	10765	lɔsɔt	lɔsɔt	32593811	unr-009
25013370	10760	lɔʃɔʈ	lɔʃɔʈ	32593819	unr-004
25013387	10760	lɛl	lɛl	32593836	unr-004
25013388	10764	lɛl	lɛl	32593837	unr-008
25013389	10765	lɛl	lɛl	32593838	unr-009
25013390	10760	lɛlɛ	lɛlɛ	32593839	unr-004
25013391	10765	lɛlɛ	lɛlɛ	32593840	unr-009
25013392	10763	lɛŋkɑ t̪i	lɛŋkɑti	32593841	unr-007
25013398	10760	lɛŋɡa	lɛŋɡa	32593847	unr-004
25013399	10764	lɛŋɡa	lɛŋɡa	32593848	unr-008
25013400	10765	lɛŋɡa	lɛŋɡa	32593849	unr-009
25013408	10761	lɛŋɡɑ	lɛŋɡɑ	32593857	unr-005
25013409	10761	lɛʔje	lɛʔje	32593858	unr-005
25013459	10760	mahina	mahina	32593910	unr-004
25013460	10764	mahina	mahina	32593911	unr-008
25013461	10758	mahiˈna	mahina	32593912	unr-002
25013496	10760	majom	majom	32593951	unr-004
25013497	10764	majom	majom	32593952	unr-008
25013498	10765	majom	majom	32593953	unr-009
25013544	10760	mandi	mandi	32594003	unr-004
25013545	10764	mandi	mandi	32594004	unr-008
25013546	10765	mandi	mandi	32594005	unr-009
25013574	10764	marej	marej	32594035	unr-008
25013575	10765	marej	marej	32594036	unr-009
25013592	10760	marʈʃi	marʈʃi	32594054	unr-004
25013593	10764	marʈʃi	marʈʃi	32594055	unr-008
25013594	10765	marʈʃi	marʈʃi	32594056	unr-009
25013597	10758	marˈʧa	marʧa	32594059	unr-002
25013598	10760	mas	mas	32594060	unr-004
25013599	10763	mas	mas	32594061	unr-007
25013600	10765	mas	mas	32594062	unr-009
25013613	10764	mat	mat	32594075	unr-008
25013614	10765	mat	mat	32594076	unr-009
25013626	10764	matul	matul	32594088	unr-008
25013651	10758	maɛ ˈna	maɛna	32594115	unr-002
25013654	10758	maɳˈɖi	maɳɖi	32594118	unr-002
25013654	10758	maɳˈɖi	maɳɖi	32594121	unr-002
25013655	10762	maɳˈɖi	maɳɖi	32594119	unr-006
25013656	10766	maɳˈɖi	maɳɖi	32594120	unr-010
25013659	10760	maɽi	maɽi	32594124	unr-004
25013659	10760	maɽi	maɽi	32594125	unr-004
25013660	10765	maɽi	maɽi	32594126	unr-009
25013661	10760	maɾaŋ haɡa	maɾaŋhaɡa	32594127	unr-004
25013662	10765	maɾaŋ haɡa	maɾaŋhaɡa	32594128	unr-009
25013663	10760	maɾaŋ misi	maɾaŋmisi	32594129	unr-004
25013664	10765	maɾaŋ misi	maɾaŋmisi	32594130	unr-009
25013665	10764	maɾaŋ nana	maɾaŋnana	32594131	unr-008
25013668	10764	maɾaŋ/lɨtu dada	maɾaŋlɨtudada	32594134	unr-008
25013690	10760	maɾaŋ	maɾaŋ	32594156	unr-004
25013691	10764	maɾaŋ	maɾaŋ	32594157	unr-008
25013692	10765	maɾaŋ	maɾaŋ	32594158	unr-009
25013696	10764	maʃ	maʃ	32594162	unr-008
25013707	10758	maˈjaŋ	majaŋ	32594173	unr-002
25013708	10759	maˈjaŋ	majaŋ	32594174	unr-003
25013709	10762	maˈjaŋ	majaŋ	32594175	unr-006
25013710	10766	maˈjaŋ	majaŋ	32594176	unr-010
25013715	10758	maˈjom	majom	32594181	unr-002
25013716	10759	maˈjom	majom	32594182	unr-003
25013717	10762	maˈjom	majom	32594183	unr-006
25013718	10766	maˈjom	majom	32594184	unr-010
25013719	10762	maˈraŋ bauŋ	maraŋbauŋ	32594185	unr-006
25013724	10759	maˈraŋ dada	maraŋdada	32594190	unr-003
25013725	10759	maˈraŋ dai	maraŋdai	32594191	unr-003
25013726	10762	maˈraŋ dai	maraŋdai	32594192	unr-006
25013729	10758	maˈraŋ haga	maraŋhaga	32594195	unr-002
25013730	10762	maˈraŋ ikir	maraŋikir	32594196	unr-006
25013731	10758	maˈraŋ misi	maraŋmisi	32594197	unr-002
25013735	10758	maˈraŋ	maraŋ	32594201	unr-002
25013737	10759	maˈɖi	maɖi	32594203	unr-003
25013741	10760	mãʈ	maʈ	32594207	unr-004
25013766	10762	med mũˈaɖ	medmuaɖ	32594233	unr-006
25013770	10759	med	med	32594237	unr-003
25013771	10762	med˺ ʈipəˈni	medʈipəni	32594238	unr-006
25013772	10759	med˺ ˈdaʔ	meddaʔ	32594239	unr-003
25013773	10762	med˺ ˈdaʔ	meddaʔ	32594240	unr-006
25013777	10762	med˺	med	32594244	unr-006
25013778	10766	med˺	med	32594245	unr-010
25013791	10761	menmuãɳ	menmuaɳ	32594260	unr-005
25013818	10761	meɾom	meɾom	32594288	unr-005
25013819	10763	meɾom	meɾom	32594289	unr-007
25013820	10761	meɾɑŋ d̪aⁱ	meɾɑŋdai	32594290	unr-005
25013821	10761	meʔ	meʔ	32594291	unr-005
25013822	10763	meʔt̪	meʔt	32594292	unr-007
25013823	10758	meʤ daˈwa	meʤdawa	32594293	unr-002
25013826	10758	meːʤ	meʤ	32594297	unr-002
25013845	10761	mid̪si	midsi	32594318	unr-005
25013846	10761	mid̪ʈʃɑɳɖuʔu	midʈʃɑɳɖuʔu	32594319	unr-005
25013849	10760	mijat	mijat	32594324	unr-004
25013850	10764	mijat	mijat	32594325	unr-008
25013851	10765	mijat	mijat	32594326	unr-009
25013852	10763	mijɑn	mijɑn	32594327	unr-007
25013884	10761	misi	misi	32594359	unr-005
25013885	10763	misi	misi	32594360	unr-007
25013894	10763	mit̪ɡi	mitɡi	32594369	unr-007
25013905	10758	miɳˈɖi	miɳɖi	32594380	unr-002
25013906	10762	miɳˈɖi	miɳɖi	32594381	unr-006
25013907	10766	miɳˈɖi	miɳɖi	32594382	unr-010
25013911	10763	miʔsoᵘ	miʔsou	32594386	unr-007
25013913	10762	miˈjad˺	mijad	32594388	unr-006
25013918	10758	miˈsi	misi	32594393	unr-002
25013919	10762	miˈsi	misi	32594394	unr-006
25013920	10766	miˈsi	misi	32594395	unr-010
25013923	10759	miˈɖi	miɖi	32594398	unr-003
25013950	10765	mohũ	mohu	32594427	unr-009
25013953	10761	mojɔn	mojɔn	32594430	unr-005
25013972	10760	mombati	mombati	32594450	unr-004
25013973	10764	mombati	mombati	32594451	unr-008
25013974	10765	mombati	mombati	32594452	unr-009
25013983	10762	mon suˈrud	monsurud	32594461	unr-006
25013987	10762	mon	mon	32594465	unr-006
25014011	10760	morɛa	morɛa	32594490	unr-004
25014012	10764	morɛa	morɛa	32594491	unr-008
25014013	10765	morɛa	morɛa	32594492	unr-009
25014026	10761	moɖehisi	moɖehisi	32594505	unr-005
25014028	10761	moɳejɑ	moɳejɑ	32594507	unr-005
25014048	10760	moʈa	moʈa	32594530	unr-004
25014049	10764	moʈa	moʈa	32594531	unr-008
25014050	10765	moʈa	moʈa	32594532	unr-009
25014063	10760	moʈʃa	moʈʃa	32594545	unr-004
25014064	10764	moʈʃa	moʈʃa	32594546	unr-008
25014065	10765	moʈʃa	moʈʃa	32594547	unr-009
25014073	10766	moˈjod˺	mojod	32594555	unr-010
25014076	10758	moˈloŋ	moloŋ	32594558	unr-002
25014077	10759	moˈloŋ	moloŋ	32594559	unr-003
25014078	10762	moˈloŋ	moloŋ	32594560	unr-006
25014079	10766	moˈloŋ	moloŋ	32594561	unr-010
25014082	10762	moˈʈor	moʈor	32594564	unr-006
25014083	10766	moˈʈor	moʈor	32594565	unr-010
25014085	10758	moˈʧa	moʧa	32594567	unr-002
25014085	10758	moˈʧa	moʧa	32594576	unr-002
25014086	10759	moˈʧa	moʧa	32594568	unr-003
25014087	10762	moˈʧa	moʧa	32594569	unr-006
25014088	10766	moˈʧa	moʧa	32594570	unr-010
25014106	10761	mu	mu	32594592	unr-005
25014109	10760	mudam	mudam	32594600	unr-004
25014110	10764	mudam	mudam	32594601	unr-008
25014111	10765	mudam	mudam	32594602	unr-009
25014113	10761	mud̪ɑm	mudɑm	32594604	unr-005
25014114	10763	mud̪ɑm	mudɑm	32594605	unr-007
25014120	10760	muhu	muhu	32594611	unr-004
25014121	10763	muhũ	muhu	32594612	unr-007
25014122	10764	muhũ	muhu	32594613	unr-008
25014141	10760	mui̯t	muit	32594634	unr-004
25014142	10764	mui̯t	muit	32594635	unr-008
25014143	10765	mui̯t	muit	32594636	unr-009
25014154	10764	mukuɾi	mukuɾi	32594647	unr-008
25014155	10765	mukuɾi	mukuɾi	32594648	unr-009
25014238	10761	muʔ	muʔ	32594733	unr-005
25014248	10762	muˈʔi	muʔi	32594743	unr-006
25014249	10766	muː	mu	32594744	unr-010
25014259	10763	muⁱ	mui	32594755	unr-007
25014265	10759	mãˈɖeˑl	maɖel	32594763	unr-003
25014269	10766	mõɳẽˈja	moɳeja	32594767	unr-010
25014270	10766	mõˈɳẽ hiˈsi	moɳehisi	32594768	unr-010
25014271	10762	mõˈɳẽa	moɳea	32594769	unr-006
25014272	10759	mõˈɽe hisi	moɽehisi	32594770	unr-003
25014275	10759	mõˈɽea	moɽea	32594773	unr-003
25014278	10762	mõˌɳẽ hiˈsi	moɳehisi	32594776	unr-006
25014307	10759	mũkũˈɽi	mukuɽi	32594806	unr-003
25014308	10766	mũkũˈɽi	mukuɽi	32594807	unr-010
25014309	10762	mũkˈɳĩ	mukɳi	32594808	unr-006
25014311	10759	mũãˈɳa	muaɳa	32594810	unr-003
25014314	10759	mũː	mu	32594813	unr-003
25014315	10762	mũː	mu	32594814	unr-006
25014323	10758	mũːʤ	muʤ	32594822	unr-002
25014334	10763	mɐbinɑ	mɐbinɑ	32594833	unr-007
25014335	10761	mɐjɔm	mɐjɔm	32594834	unr-005
25014336	10763	mɐjɔm	mɐjɔm	32594835	unr-007
25014337	10761	mɐɾɑŋ d̪ɑd̪a	mɐɾɑŋdɑda	32594836	unr-005
25014338	10761	mɐɾɑŋ	mɐɾɑŋ	32594837	unr-005
25014339	10763	mɐɾɑŋ	mɐɾɑŋ	32594838	unr-007
25014344	10763	mɑɾi	mɑɾi	32594844	unr-007
25014345	10763	mɑɾt̪ul	mɑɾtul	32594845	unr-007
25014416	10761	mɔʈʃa	mɔʈʃa	32594919	unr-005
25014417	10763	mɔʈʃa	mɔʈʃa	32594920	unr-007
25014418	10763	mɔ̃ɳɔjɑ	mɔɳɔjɑ	32594921	unr-007
25014430	10760	mɛhɛr	mɛhɛr	32594933	unr-004
25014431	10764	mɛhɛr	mɛhɛr	32594934	unr-008
25014432	10765	mɛhɛr	mɛhɛr	32594935	unr-009
25014447	10764	mɛt muar	mɛtmuar	32594950	unr-008
25014448	10765	mɛt muar	mɛtmuar	32594951	unr-009
25014449	10760	mɛt muhar	mɛtmuhar	32594952	unr-004
25014456	10764	mɛt	mɛt	32594959	unr-008
25014457	10765	mɛt	mɛt	32594960	unr-009
25014470	10760	mɛɾom	mɛɾom	32594973	unr-004
25014471	10764	mɛɾom	mɛɾom	32594974	unr-008
25014472	10765	mɛɾom	mɛɾom	32594975	unr-009
25014482	10760	mɛ̃t	mɛt	32594985	unr-004
25014491	10764	mɪt lɛka	mɪtlɛka	32594994	unr-008
25014492	10760	mɪt ɡi.i	mɪtɡii	32594995	unr-004
25014534	10760	nahan	nahan	32595038	unr-004
25014534	10760	nahan	nahan	32595040	unr-004
25014535	10765	nahan	nahan	32595039	unr-009
25014535	10765	nahan	nahan	32595041	unr-009
25014537	10758	nahˈʔa	nahʔa	32595043	unr-002
25014541	10760	naj	naj	32595047	unr-004
25014542	10765	naj	naj	32595048	unr-009
25014544	10764	nala	nala	32595050	unr-008
25014548	10762	namiˈnaŋ	naminaŋ	32595054	unr-006
25014574	10764	nauka	nauka	32595084	unr-008
25014577	10760	nawa	nawa	32595090	unr-004
25014578	10764	nawa	nawa	32595091	unr-008
25014579	10765	nawa	nawa	32595092	unr-009
25014593	10760	naɽkɔl	naɽkɔl	32595113	unr-004
25014595	10760	naɾei̯t	naɾeit	32595115	unr-004
25014599	10764	naɾikɛl	naɾikɛl	32595119	unr-008
25014600	10765	naɾikɛl	naɾikɛl	32595120	unr-009
25014601	10764	naɾɛt	naɾɛt	32595121	unr-008
25014602	10765	naɾɛt	naɾɛt	32595122	unr-009
25014603	10758	naʊ	naʊ	32595123	unr-002
25014604	10758	naʊˈka	naʊka	32595124	unr-002
25014606	10759	naˈaʔ	naaʔ	32595126	unr-003
25014611	10758	naˈti	nati	32595131	unr-002
25014615	10758	naːk˺	nak	32595135	unr-002
25014618	10758	naːʊ	naʊ	32595138	unr-002
25014620	10766	naːˈna	nana	32595140	unr-010
25014622	10766	naːˈʔa	naʔa	32595142	unr-010
25014631	10761	nejɑ	nejɑ	32595151	unr-005
25014632	10761	nejɑko	nejɑko	32595152	unr-005
25014653	10762	neˈa soˌben	neasoben	32595175	unr-006
25014654	10759	neˈja	neja	32595176	unr-003
25014654	10759	neˈja	neja	32595178	unr-003
25014655	10766	neˈja	neja	32595177	unr-010
25014655	10766	neˈja	neja	32595180	unr-010
25014656	10762	neˈja	neja	32595179	unr-006
25014658	10758	neˈman	neman	32595182	unr-002
25014668	10759	neˈsaʔ	nesaʔ	32595193	unr-003
25014669	10759	neˈtaʔ	netaʔ	32595194	unr-003
25014670	10762	neˈtaʔ	netaʔ	32595195	unr-006
25014670	10762	neˈtaʔ	netaʔ	32595196	unr-006
25014672	10762	neˈte	nete	32595196	unr-006
25014672	10762	neˈte	nete	32595197	unr-006
25014673	10758	neˈter	neter	32595198	unr-002
25014675	10758	neːm	nem	32595200	unr-002
25014697	10761	nid̪e	nide	32595223	unr-005
25014700	10763	nijɑ	nijɑ	32595226	unr-007
25014700	10763	nijɑ	nijɑ	32595227	unr-007
25014765	10758	niˈda	nida	32595302	unr-002
25014766	10759	niˈda	nida	32595303	unr-003
25014767	10762	niˈda	nida	32595304	unr-006
25014770	10766	niˈku soˈben	nikusoben	32595307	unr-010
25014887	10760	nu	nu	32595435	unr-004
25014888	10761	nu	nu	32595436	unr-005
25014889	10763	nu	nu	32595437	unr-007
25014890	10764	nu	nu	32595438	unr-008
25014891	10765	nu	nu	32595439	unr-009
25014910	10760	nutum	nutum	32595460	unr-004
25014911	10764	nutum	nutum	32595461	unr-008
25014912	10765	nutum	nutum	32595462	unr-009
25014914	10761	nut̪um	nutum	32595467	unr-005
25014915	10763	nut̪um	nutum	32595468	unr-007
25014920	10759	nuˈnu	nunu	32595473	unr-003
25014921	10766	nuˈnu	nunu	32595474	unr-010
25014926	10758	nuˈtum	nutum	32595479	unr-002
25014927	10759	nuˈtum	nutum	32595480	unr-003
25014928	10766	nuˈtum	nutum	32595481	unr-010
25014957	10758	nĩˈja	nija	32595510	unr-002
25014966	10763	nɐnɑ	nɐnɑ	32595521	unr-007
25014967	10763	nɐʋɑ̃	nɐʋɑ	32595522	unr-007
25014968	10761	nɑɳe	nɑɳe	32595523	unr-005
25014969	10763	nɑɳe	nɑɳe	32595524	unr-007
25014970	10761	nɑʋɑ̃	nɑʋɑ	32595525	unr-005
25014971	10763	nɑⁱ	nɑi	32595526	unr-007
25014982	10760	nɔi̯	nɔi	32595537	unr-004
25014983	10764	nɔi̯	nɔi	32595538	unr-008
25014999	10760	nɛa	nɛa	32595554	unr-004
25015000	10764	nɛa	nɛa	32595555	unr-008
25015001	10765	nɛa	nɛa	32595556	unr-009
25015003	10760	nɛako	nɛako	32595558	unr-004
25015004	10764	nɛako	nɛako	32595559	unr-008
25015005	10765	nɛako	nɛako	32595560	unr-009
25015091	10760	ojar	ojar	32595651	unr-004
25015092	10764	ojar	ojar	32595652	unr-008
25015093	10765	ojar	ojar	32595653	unr-009
25015095	10760	ojoŋ	ojoŋ	32595655	unr-004
25015096	10764	okata.a	okataa	32595656	unr-008
25015097	10765	okata.a	okataa	32595657	unr-009
25015120	10760	okoj	okoj	32595680	unr-004
25015121	10764	okoj	okoj	32595681	unr-008
25015122	10765	okoj	okoj	32595682	unr-009
25015137	10766	okoˈwa	okowa	32595697	unr-010
25015139	10760	okta.a	oktaa	32595699	unr-004
25015141	10761	okɑt̪ɑʔ	okɑtɑʔ	32595701	unr-005
25015169	10761	om	om	32595730	unr-005
25015180	10764	ondor	ondor	32595742	unr-008
25015200	10761	opuɳie	opuɳie	32595764	unr-005
25015207	10760	or	or	32595771	unr-004
25015208	10765	or	or	32595772	unr-009
25015235	10765	osal	osal	32595799	unr-009
25015249	10762	ote diˈsum	otedisum	32595813	unr-006
25015286	10759	oɽaʔ ˈduwər	oɽaʔduwər	32595854	unr-003
25015292	10760	oɽɛ	oɽɛ	32595860	unr-004
25015293	10758	oɽˈʔa	oɽʔa	32595861	unr-002
25015299	10760	oɾaʔ	oɾaʔ	32595867	unr-004
25015300	10764	oɾaʔ	oɾaʔ	32595868	unr-008
25015301	10765	oɾaʔ	oɾaʔ	32595869	unr-009
25015309	10760	oɾaʔhoɾo	oɾaʔhoɾo	32595877	unr-004
25015312	10764	oɾɛ	oɾɛ	32595880	unr-008
25015313	10765	oɾɛ	oɾɛ	32595881	unr-009
25015317	10760	oʃar	oʃar	32595885	unr-004
25015333	10758	oˈka kuˈtʰai	okakuthai	32595901	unr-002
25015334	10758	oˈka waˈla	okawala	32595902	unr-002
25015335	10758	oˈka ʤaˌga	okaʤaga	32595903	unr-002
25015347	10759	oˈkoa	okoa	32595915	unr-003
25015350	10759	oˈkoe	okoe	32595918	unr-003
25015351	10762	oˈkoe	okoe	32595919	unr-006
25015352	10766	oˈkoe	okoe	32595920	unr-010
25015355	10758	oˈkoj	okoj	32595923	unr-002
25015358	10762	oˈkonaʔ	okonaʔ	32595925	unr-006
25015358	10762	oˈkonaʔ	okonaʔ	32595926	unr-006
25015362	10762	oˈkonsaʔ	okonsaʔ	32595930	unr-006
25015365	10762	oˈkotaʔ	okotaʔ	32595933	unr-006
25015365	10762	oˈkotaʔ	okotaʔ	32595934	unr-006
25015366	10762	oˈkote	okote	32595935	unr-006
25015371	10766	oˈnol saˈkam	onolsakam	32595940	unr-010
25015373	10766	oˈte diˈsum	otedisum	32595942	unr-010
25015375	10758	oˈtʰai	othai	32595944	unr-002
25015375	10758	oˈtʰai	othai	32595945	unr-002
25015375	10758	oˈtʰai	othai	32595946	unr-002
25015379	10759	oˈɽaʔ	oɽaʔ	32595950	unr-003
25015380	10766	oˈɽaʔ	oɽaʔ	32595951	unr-010
25015381	10762	oˈɽaʔᵃ	oɽaʔa	32595952	unr-006
25015477	10758	parab˺ buˈru	parabburu	32596053	unr-002
25015485	10762	parmeʃˈwar	parmeʃwar	32596061	unr-006
25015506	10764	patla	patla	32596084	unr-008
25015516	10758	paɛ kʰ	paɛkh	32596094	unr-002
25015533	10758	paʤʰˈra daˈʔa	paʤhradaʔa	32596111	unr-002
25015534	10766	paʧiˈri	paʧiri	32596112	unr-010
25015535	10759	paʧəˈri	paʧəri	32596113	unr-003
25015536	10762	paʧəˈri	paʧəri	32596114	unr-006
25015547	10758	paːɲʧ	paɲʧ	32596125	unr-002
25015590	10758	peˈlen	pelen	32596172	unr-002
25015591	10759	peˈɽeʔ	peɽeʔ	32596173	unr-003
25015592	10766	peˈɽeʔ	peɽeʔ	32596174	unr-010
25015593	10762	peˈɽeʔe	peɽeʔe	32596175	unr-006
25015594	10766	peˌʈoʔ	peʈoʔ	32596176	unr-010
25015646	10759	pirˈtʰim	pirthim	32596230	unr-003
25015659	10763	piɑɖʒ	piɑɖʒ	32596246	unr-007
25015660	10761	piɑɖʒu	piɑɖʒu	32596247	unr-005
25015669	10759	piˈɽi	piɽi	32596257	unr-003
25015670	10766	piˈɽi	piɽi	32596258	unr-010
25015687	10759	poeˈsa	poesa	32596276	unr-003
25015688	10762	poeˈsa	poesa	32596277	unr-006
25015728	10759	porˈbo	porbo	32596318	unr-003
25015729	10766	porˈbo	porbo	32596319	unr-010
25015749	10764	poʈomkobi	poʈomkobi	32596342	unr-008
25015751	10765	poʈomkubi	poʈomkubi	32596344	unr-009
25015759	10760	poʈomkupi	poʈomkupi	32596352	unr-004
25015772	10758	poˈʈa	poʈa	32596365	unr-002
25015773	10759	poˈʈa	poʈa	32596366	unr-003
25015774	10762	poˈʈa	poʈa	32596367	unr-006
25015775	10766	poˈʈa	poʈa	32596368	unr-010
25015807	10758	pul	pul	32596402	unr-002
25015808	10766	pul	pul	32596403	unr-010
25015813	10760	pundi	pundi	32596408	unr-004
25015814	10764	pundi	pundi	32596409	unr-008
25015815	10765	pundi	pundi	32596410	unr-009
25015855	10765	pusi	pusi	32596450	unr-009
25015885	10761	puɳɖi	puɳɖi	32596480	unr-005
25015886	10763	puɳɖi	puɳɖi	32596481	unr-007
25015888	10761	puɾɑʔɑ	puɾɑʔɑ	32596483	unr-005
25015889	10761	puɾɳɑ	puɾɳɑ	32596484	unr-005
25015893	10760	puʃi	puʃi	32596488	unr-004
25015904	10759	puˈkʰuri	pukhuri	32596499	unr-003
25015905	10758	puˈʧhi	puʧhi	32596500	unr-002
25015907	10759	puːl	pul	32596502	unr-003
25015915	10762	puˑl	pul	32596510	unr-006
25015998	10761	pɔt̪oŋ kobi	pɔtoŋkobi	32596602	unr-005
25015999	10763	pɔt̪ɔŋ kobi	pɔtɔŋkobi	32596603	unr-007
25016004	10764	pɔʈʃa	pɔʈʃa	32596608	unr-008
25016016	10758	pəhlaː ˈbaːr	pəhlabar	32596621	unr-002
25016061	10760	pɛ̃aɖʒ	pɛaɖʒ	32596666	unr-004
25016062	10764	pɛ̃aɖʒ	pɛaɖʒ	32596667	unr-008
25016063	10765	pɛ̃aɖʒ	pɛaɖʒ	32596668	unr-009
25016071	10760	pʰada	phada	32596676	unr-004
25016072	10764	pʰada	phada	32596677	unr-008
25016073	10765	pʰada	phada	32596678	unr-009
25016075	10758	pʰal	phal	32596680	unr-002
25016080	10760	pʰala	phala	32596685	unr-004
25016081	10765	pʰala	phala	32596686	unr-009
25016100	10760	pʰɛɾei̯t	phɛɾeit	32596705	unr-004
25016101	10764	pʰɛɾei̯t	phɛɾeit	32596706	unr-008
25016102	10765	pʰɛɾei̯t	phɛɾeit	32596707	unr-009
25016105	10760	ra.aʔ	raaʔ	32596710	unr-004
25016106	10764	ra.aʔ	raaʔ	32596711	unr-008
25016107	10765	ra.aʔ	raaʔ	32596712	unr-009
25016112	10764	rabaŋ	rabaŋ	32596717	unr-008
25016136	10764	ramdʰanu	ramdhanu	32596742	unr-008
25016137	10765	ramdʰanu	ramdhanu	32596743	unr-009
25016172	10760	ranu	ranu	32596778	unr-004
25016173	10765	ranu	ranu	32596779	unr-009
25016179	10760	rapa.a	rapaa	32596785	unr-004
25016185	10765	rapaʔ	rapaʔ	32596791	unr-009
25016200	10760	raput	raput	32596806	unr-004
25016201	10764	raput	raput	32596807	unr-008
25016202	10765	raput	raput	32596808	unr-009
25016246	10758	raˈma	rama	32596853	unr-002
25016250	10758	raˈnu	ranu	32596857	unr-002
25016251	10762	raˈnu	ranu	32596858	unr-006
25016253	10759	raˈtaŋ	rataŋ	32596860	unr-003
25016254	10762	raˈtaŋ	rataŋ	32596861	unr-006
25016255	10766	raˈtaŋ	rataŋ	32596862	unr-010
25016256	10766	raˈʧa	raʧa	32596863	unr-010
25016257	10762	raˈʧaʔ	raʧaʔ	32596864	unr-006
25016266	10759	raˑˈnu	ranu	32596873	unr-003
25016267	10766	raˑˈnu	ranu	32596874	unr-010
25016279	10759	red	red	32596886	unr-003
25016280	10762	red	red	32596887	unr-006
25016281	10766	red˺	red	32596888	unr-010
25016352	10764	rimɪl	rimɪl	32596964	unr-008
25016384	10760	roko	roko	32597001	unr-004
25016385	10764	roko	roko	32597002	unr-008
25016386	10765	roko	roko	32597003	unr-009
25016400	10758	roˈko	roko	32597017	unr-002
25016401	10762	roˈko	roko	32597018	unr-006
25016402	10766	roˈko	roko	32597019	unr-010
25016403	10759	roː	ro	32597020	unr-003
25016444	10760	rupa	rupa	32597062	unr-004
25016445	10764	rupa	rupa	32597063	unr-008
25016446	10765	rupa	rupa	32597064	unr-009
25016456	10760	rurbiŋ	rurbiŋ	32597074	unr-004
25016475	10758	ruˈa	rua	32597098	unr-002
25016476	10762	ruˈsi	rusi	32597099	unr-006
25016501	10762	rõˈja uːb˺	rojaub	32597124	unr-006
25016502	10758	rõˈja	roja	32597125	unr-002
25016503	10758	rõˈwa	rowa	32597126	unr-002
25016528	10760	rɔ.ɔ	rɔɔ	32597153	unr-004
25016529	10764	rɔ.ɔ	rɔɔ	32597154	unr-008
25016530	10765	rɔ.ɔ	rɔɔ	32597155	unr-009
25016536	10760	rɔhɔr	rɔhɔr	32597161	unr-004
25016537	10764	rɔhɔr	rɔhɔr	32597162	unr-008
25016538	10765	rɔhɔr	rɔhɔr	32597163	unr-009
25016576	10765	rɛar	rɛar	32597201	unr-009
25016586	10760	rɛhɛt	rɛhɛt	32597211	unr-004
25016587	10765	rɛhɛt	rɛhɛt	32597212	unr-009
25016595	10764	rɛt	rɛt	32597220	unr-008
25016601	10760	rɛŋɡei̯t	rɛŋɡeit	32597226	unr-004
25016602	10764	rɛŋɡei̯t	rɛŋɡeit	32597227	unr-008
25016603	10765	rɛŋɡei̯t	rɛŋɡeit	32597228	unr-009
25016680	10764	sahar	sahar	32597308	unr-008
25016681	10765	sahar	sahar	32597309	unr-009
25016690	10765	saj	saj	32597320	unr-009
25016698	10764	sakam	sakam	32597329	unr-008
25016699	10765	sakam	sakam	32597330	unr-009
25016754	10765	samudar	samudar	32597394	unr-009
25016756	10758	samunˈdar	samundar	32597396	unr-002
25016765	10762	sanaˈmaŋ	sanamaŋ	32597405	unr-006
25016766	10766	sanaˈmaŋ	sanamaŋ	32597406	unr-010
25016781	10764	sapta	sapta	32597421	unr-008
25016841	10764	sarsar	sarsar	32597487	unr-008
25016842	10765	sarsar	sarsar	32597488	unr-009
25016847	10759	sarˈsar	sarsar	32597493	unr-003
25016848	10762	sarˈsar	sarsar	32597494	unr-006
25016849	10766	sarˈsar	sarsar	32597495	unr-010
25016853	10760	sasaŋ	sasaŋ	32597499	unr-004
25016854	10764	sasaŋ	sasaŋ	32597500	unr-008
25016855	10765	sasaŋ	sasaŋ	32597501	unr-009
25016878	10765	satpat	satpat	32597525	unr-009
25016879	10758	satraŋˈga	satraŋga	32597526	unr-002
25016911	10765	saŋɡi	saŋɡi	32597559	unr-009
25016913	10764	saŋɡɪn	saŋɡɪn	32597561	unr-008
25016914	10765	saŋɡɪn	saŋɡɪn	32597562	unr-009
25016915	10758	saŋˈgi daˈru	saŋgidaru	32597563	unr-002
25016924	10762	saɳɖi ˈsim	saɳɖisim	32597572	unr-006
25016925	10766	saɳɖi ˈsim	saɳɖisim	32597573	unr-010
25016931	10762	saɽiˈma	saɽima	32597579	unr-006
25016932	10766	saɽiˈma	saɽima	32597580	unr-010
25016934	10758	saɽˈmi	saɽmi	32597582	unr-002
25016935	10764	saɾi	saɾi	32597583	unr-008
25016936	10765	saɾi	saɾi	32597584	unr-009
25016941	10758	saʊ	saʊ	32597589	unr-002
25016948	10759	saˈdom	sadom	32597596	unr-003
25016949	10762	saˈdom	sadom	32597597	unr-006
25016950	10766	saˈdom	sadom	32597598	unr-010
25016956	10758	saˈhar	sahar	32597604	unr-002
25016959	10759	saˈkam	sakam	32597607	unr-003
25016960	10762	saˈkam	sakam	32597608	unr-006
25016961	10766	saˈkam	sakam	32597609	unr-010
25016966	10766	saˈkiɲ buɽiˈja	sakiɲbuɽija	32597614	unr-010
25016967	10762	saˈkiɲ buɽiˌja	sakiɲbuɽija	32597615	unr-006
25016968	10766	saˈkiɲ haˈɽam	sakiɲhaɽam	32597616	unr-010
25016970	10766	saˈmae	samae	32597618	unr-010
25016976	10758	saˈmaɛ	samaɛ	32597624	unr-002
25016982	10766	saˈɦar	saɦar	32597630	unr-010
25016983	10759	saˈɽa	saɽa	32597631	unr-003
25016984	10762	saˈɽa	saɽa	32597632	unr-006
25016985	10766	saˈɽa	saɽa	32597633	unr-010
25016986	10759	saˈɽi	saɽi	32597634	unr-003
25016987	10762	saˈɽi	saɽi	32597635	unr-006
25016988	10766	saˈɽi	saɽi	32597636	unr-010
25016989	10759	saˈɽima	saɽima	32597637	unr-003
25016990	10762	saˈᵑgom baʔᵃ	saŋgombaʔa	32597638	unr-006
25016994	10758	saːl	sal	32597642	unr-002
25016996	10759	saːr	sar	32597644	unr-003
25016997	10762	saːr	sar	32597645	unr-006
25016998	10766	saːr	sar	32597646	unr-010
25017009	10758	saːt	sat	32597657	unr-002
25017079	10758	sendeˈra	sendera	32597730	unr-002
25017080	10759	sendeˈra	sendera	32597731	unr-003
25017081	10762	sendəˈra	sendəra	32597732	unr-006
25017082	10766	sendəˈra	sendəra	32597733	unr-010
25017093	10763	seno	seno	32597744	unr-007
25017094	10761	senoʔ	senoʔ	32597745	unr-005
25017115	10759	serˈma	serma	32597770	unr-003
25017128	10758	setəˈʔa	setəʔa	32597785	unr-002
25017129	10761	set̪ɑ	setɑ	32597786	unr-005
25017136	10758	seŋˈgel	seŋgel	32597793	unr-002
25017137	10759	seŋˈgel	seŋgel	32597794	unr-003
25017138	10766	seŋˈgel	seŋgel	32597795	unr-010
25017144	10758	seˈkam	sekam	32597801	unr-002
25017151	10758	seˈta	seta	32597808	unr-002
25017152	10759	seˈta	seta	32597809	unr-003
25017153	10762	seˈta	seta	32597810	unr-006
25017154	10766	seˈta	seta	32597811	unr-010
25017161	10759	seˈtaʔ	setaʔ	32597818	unr-003
25017162	10766	seˈtaʔ	setaʔ	32597819	unr-010
25017165	10762	seˈtaʔᵃ	setaʔa	32597822	unr-006
25017170	10762	seˈᵑgel	seŋgel	32597827	unr-006
25017201	10758	sid˺ daˈʔa	siddaʔa	32597862	unr-002
25017211	10761	sikiɳi	sikiɳi	32597872	unr-005
25017216	10762	sikĩˈɳĩ	sikiɳi	32597877	unr-006
25017217	10766	sikĩˈɳĩ	sikiɳi	32597878	unr-010
25017218	10763	sikɳi	sikɳi	32597879	unr-007
25017220	10764	sikɾi	sikɾi	32597881	unr-008
25017221	10765	sikɾi	sikɾi	32597882	unr-009
25017252	10761	sim	sim	32597915	unr-005
25017253	10763	sim	sim	32597916	unr-007
25017254	10764	sim	sim	32597917	unr-008
25017255	10765	sim	sim	32597918	unr-009
25017347	10762	sirˈma	sirma	32598014	unr-006
25017347	10762	sirˈma	sirma	32598015	unr-006
25017380	10763	sit̪ɑɑʔ	sitɑɑʔ	32598054	unr-007
25017381	10763	sit̪ɾu	sitɾu	32598055	unr-007
25017400	10763	siŋki	siŋki	32598075	unr-007
25017400	10763	siŋki	siŋki	32598076	unr-007
25017404	10761	siŋɡi	siŋɡi	32598080	unr-005
25017404	10761	siŋɡi	siŋɡi	32598081	unr-005
25017405	10765	siŋɡi	siŋɡi	32598082	unr-009
25017406	10758	siŋˈgi	siŋgi	32598083	unr-002
25017409	10759	siŋˈgi	siŋgi	32598086	unr-003
25017410	10766	siŋˈgi	siŋgi	32598087	unr-010
25017422	10761	siɾmɑ	siɾmɑ	32598099	unr-005
25017422	10761	siɾmɑ	siɾmɑ	32598101	unr-005
25017423	10763	siɾmɑ	siɾmɑ	32598100	unr-007
25017429	10758	siˈbil	sibil	32598107	unr-002
25017430	10759	siˈbil	sibil	32598108	unr-003
25017431	10762	siˈbil	sibil	32598109	unr-006
25017432	10766	siˈbil	sibil	32598110	unr-010
25017434	10759	siˈda sida	sidasida	32598112	unr-003
25017435	10766	siˈda siˌda	sidasida	32598113	unr-010
25017436	10762	siˈdautar	sidautar	32598114	unr-006
25017441	10758	siˈku	siku	32598119	unr-002
25017447	10762	siˈᵑgi	siŋgi	32598125	unr-006
25017449	10759	siː	si	32598127	unr-003
25017454	10758	siːm	sim	32598132	unr-002
25017460	10759	siˑm	sim	32598138	unr-003
25017483	10758	sob	sob	32598164	unr-002
25017486	10761	sobenɑʔɑ	sobenɑʔɑ	32598167	unr-005
25017490	10764	sobɛn	sobɛn	32598172	unr-008
25017501	10765	soja	soja	32598183	unr-009
25017536	10764	sona	sona	32598219	unr-008
25017537	10765	sona	sona	32598220	unr-009
25017543	10759	sondoˈro	sondoro	32598226	unr-003
25017544	10762	sondoˈro	sondoro	32598227	unr-006
25017545	10758	sondəˈro	sondəro	32598228	unr-002
25017546	10766	sondəˈro	sondəro	32598229	unr-010
25017551	10765	sopaɾi	sopaɾi	32598234	unr-009
25017597	10759	soŋˈge	soŋge	32598284	unr-003
25017598	10762	soŋˈge	soŋge	32598285	unr-006
25017599	10765	soɡɛna.a	soɡɛnaa	32598286	unr-009
25017603	10762	soˈan	soan	32598290	unr-006
25017604	10759	soˈben	soben	32598291	unr-003
25017604	10759	soˈben	soben	32598294	unr-003
25017605	10762	soˈben	soben	32598292	unr-006
25017606	10766	soˈben	soben	32598293	unr-010
25017608	10759	soˈhor	sohor	32598296	unr-003
25017610	10762	soˈmae	somae	32598298	unr-006
25017618	10758	soˈwan	sowan	32598306	unr-002
25017619	10759	soˈwan	sowan	32598307	unr-003
25017620	10766	soˈwan	sowan	32598308	unr-010
25017676	10764	suj	suj	32598370	unr-008
25017677	10765	suj	suj	32598371	unr-009
25017699	10764	sukul	sukul	32598393	unr-008
25017700	10765	sukul	sukul	32598394	unr-009
25017701	10765	sukuɾi	sukuɾi	32598395	unr-009
25017703	10762	sukuˈri	sukuri	32598397	unr-006
25017704	10766	sukuˈri	sukuri	32598398	unr-010
25017707	10764	sukɾi	sukɾi	32598401	unr-008
25017714	10758	sukˈri	sukri	32598408	unr-002
25017714	10758	sukˈri	sukri	32598413	unr-002
25017785	10761	sunum	sunum	32598482	unr-005
25017786	10763	sunum	sunum	32598483	unr-007
25017787	10764	sunum	sunum	32598484	unr-008
25017788	10765	sunum	sunum	32598485	unr-009
25017831	10764	susu.u	susuu	32598529	unr-008
25017845	10764	sutam	sutam	32598547	unr-008
25017846	10765	sutam	sutam	32598548	unr-009
25017864	10762	sutˈri	sutri	32598569	unr-006
25017866	10758	sutˈtam	suttam	32598571	unr-002
25017867	10761	sut̪ɑm	sutɑm	32598572	unr-005
25017868	10763	sut̪ɑm	sutɑm	32598573	unr-007
25017904	10758	suˈkul	sukul	32598612	unr-002
25017905	10759	suˈkul	sukul	32598613	unr-003
25017906	10762	suˈkul	sukul	32598614	unr-006
25017907	10766	suˈkul	sukul	32598615	unr-010
25017913	10759	suˈkuri	sukuri	32598621	unr-003
25017917	10758	suˈnum	sunum	32598625	unr-002
25017918	10759	suˈnum	sunum	32598626	unr-003
25017919	10762	suˈnum	sunum	32598627	unr-006
25017920	10766	suˈnum	sunum	32598628	unr-010
25017924	10759	suˈpu	supu	32598632	unr-003
25017925	10766	suˈpu	supu	32598633	unr-010
25017926	10759	suˈtam	sutam	32598634	unr-003
25017926	10759	suˈtam	sutam	32598635	unr-003
25017927	10762	suˈtam	sutam	32598636	unr-006
25017928	10766	suˈtam	sutam	32598637	unr-010
25017938	10759	suˈʈi	suʈi	32598649	unr-003
25017939	10762	suˈʈi	suʈi	32598650	unr-006
25017954	10761	suⁱ	sui	32598665	unr-005
25017955	10763	suⁱ	sui	32598666	unr-007
25018000	10759	sĩkˈɽi	sikɽi	32598717	unr-003
25018029	10761	sɐkɑm	sɐkɑm	32598747	unr-005
25018030	10763	sɐkɑm	sɐkɑm	32598748	unr-007
25018031	10761	sɐɾseɾ	sɐɾseɾ	32598749	unr-005
25018032	10763	sɐɾɑ	sɐɾɑ	32598750	unr-007
25018034	10761	sɑt̪ɑʔɑ	sɑtɑʔɑ	32598752	unr-005
25018035	10763	sɑt̯	sɑt	32598753	unr-007
25018036	10763	sɑŋkiŋ	sɑŋkiŋ	32598754	unr-007
25018040	10761	sɑŋɡiŋ	sɑŋɡiŋ	32598758	unr-005
25018041	10761	sɑɽmi	sɑɽmi	32598759	unr-005
25018073	10761	sɔnɑ	sɔnɑ	32598791	unr-005
25018074	10763	sɔnɑ	sɔnɑ	32598792	unr-007
25018129	10760	sɛn	sɛn	32598849	unr-004
25018130	10764	sɛn	sɛn	32598850	unr-008
25018131	10765	sɛn	sɛn	32598851	unr-009
25018134	10765	sɛno.o	sɛnoo	32598854	unr-009
25018147	10765	sɛta	sɛta	32598868	unr-009
25018155	10764	sɛtaʔ	sɛtaʔ	32598876	unr-008
25018156	10765	sɛtaʔ	sɛtaʔ	32598877	unr-009
25018163	10763	sɛt̪ɑ	sɛtɑ	32598884	unr-007
25018165	10764	sɛŋɡɛl	sɛŋɡɛl	32598886	unr-008
25018166	10765	sɛŋɡɛl	sɛŋɡɛl	32598887	unr-009
25018186	10765	sɨɾima	sɨɾima	32598907	unr-009
25018238	10764	tajn	tajn	32598961	unr-008
25018252	10760	talka	talka	32598975	unr-004
25018253	10764	talka	talka	32598976	unr-008
25018254	10765	talka	talka	32598977	unr-009
25018262	10758	talˈwair	talwair	32598985	unr-002
25018267	10759	tamaˈku	tamaku	32598990	unr-003
25018268	10762	tamaˈku	tamaku	32598991	unr-006
25018269	10766	tamaˈku	tamaku	32598992	unr-010
25018279	10758	tamˈkʰu	tamkhu	32599004	unr-002
25018306	10759	tarauˈɽi	tarauɽi	32599033	unr-003
25018339	10760	taŋɡi	taŋɡi	32599069	unr-004
25018340	10765	taŋɡi	taŋɡi	32599070	unr-009
25018350	10766	taɽa uˈɽi	taɽauɽi	32599081	unr-010
25018365	10766	taˈi	tai	32599096	unr-010
25018367	10759	taˈjom	tajom	32599098	unr-003
25018368	10762	taˈjom	tajom	32599099	unr-006
25018369	10766	taˈjom	tajom	32599100	unr-010
25018381	10759	taˈra	tara	32599112	unr-003
25018382	10766	taˈra	tara	32599113	unr-010
25018386	10759	taˈran	taran	32599117	unr-003
25018387	10762	taˈran	taran	32599118	unr-006
25018388	10766	taˈran	taran	32599119	unr-010
25018393	10759	taˈsad	tasad	32599124	unr-003
25018394	10762	taˈsad˺	tasad	32599125	unr-006
25018395	10766	taˈsad˺	tasad	32599126	unr-010
25018401	10759	taˈta	tata	32599132	unr-003
25018481	10760	ti.i	tii	32599217	unr-004
25018482	10764	ti.i	tii	32599218	unr-008
25018483	10765	ti.i	tii	32599219	unr-009
25018522	10760	tikɪn	tikɪn	32599269	unr-004
25018523	10765	tikɪn	tikɪn	32599270	unr-009
25018538	10765	tilpia	tilpia	32599287	unr-009
25018633	10760	tiɖʒu	tiɖʒu	32599391	unr-004
25018634	10764	tiɖʒu	tiɖʒu	32599392	unr-008
25018635	10765	tiɖʒu	tiɖʒu	32599393	unr-009
25018644	10758	tiˈhi	tihi	32599402	unr-002
25018648	10766	tiˈki	tiki	32599406	unr-010
25018650	10758	tiˈkin	tikin	32599408	unr-002
25018651	10759	tiˈkin	tikin	32599409	unr-003
25018652	10766	tiˈkin	tikin	32599410	unr-010
25018667	10758	tiˈsiŋ	tisiŋ	32599428	unr-002
25018668	10759	tiˈsiŋ	tisiŋ	32599429	unr-003
25018669	10766	tiˈsiŋ	tisiŋ	32599424	unr-010
25018669	10766	tiˈsiŋ	tisiŋ	32599430	unr-010
25018670	10759	tiˈɽiŋga	tiɽiŋga	32599431	unr-003
25018672	10762	tiˈʔi	tiʔi	32599432	unr-006
25018672	10762	tiˈʔi	tiʔi	32599433	unr-006
25018673	10758	tiˈʤu	tiʤu	32599434	unr-002
25018674	10759	tiˈʤu	tiʤu	32599435	unr-003
25018675	10762	tiˈʤu	tiʤu	32599436	unr-006
25018676	10766	tiˈʤu	tiʤu	32599437	unr-010
25018682	10759	tiː	ti	32599444	unr-003
25018688	10758	tiːn	tin	32599450	unr-002
25018689	10758	tiːr	tir	32599451	unr-002
25018693	10766	tiːʔ	tiʔ	32599455	unr-010
25018709	10760	toa	toa	32599471	unr-004
25018710	10764	toa	toa	32599472	unr-008
25018711	10765	toa	toa	32599473	unr-009
25018761	10760	torei̯t	toreit	32599525	unr-004
25018762	10764	torei̯t	toreit	32599526	unr-008
25018768	10765	toroi̯t	toroit	32599532	unr-009
25018779	10758	torˈʔe	torʔe	32599543	unr-002
25018794	10759	toˈroeʔ	toroeʔ	32599558	unr-003
25018795	10766	toˈroeʔ	toroeʔ	32599559	unr-010
25018798	10762	toˈroʔe	toroʔe	32599562	unr-006
25018801	10758	toːˈa	toa	32599565	unr-002
25018911	10760	turia	turia	32599686	unr-004
25018912	10764	turia	turia	32599687	unr-008
25018913	10765	turia	turia	32599688	unr-009
25018922	10766	turuiˈja	turuija	32599697	unr-010
25018944	10759	tuˈka	tuka	32599720	unr-003
25018945	10762	tuˈka	tuka	32599721	unr-006
25018946	10766	tuˈka	tuka	32599722	unr-010
25018952	10762	tuˈria	turia	32599728	unr-006
25018953	10759	tuˈrija	turija	32599729	unr-003
25019047	10760	tɛlpia	tɛlpia	32599837	unr-004
25019049	10764	tɛlʈʃaʈa	tɛlʈʃaʈa	32599839	unr-008
25019054	10760	tɛtaŋ	tɛtaŋ	32599844	unr-004
25019055	10764	tɛtaŋ	tɛtaŋ	32599845	unr-008
25019056	10765	tɛtaŋ	tɛtaŋ	32599846	unr-009
25019114	10760	tɪŋɡu	tɪŋɡu	32599904	unr-004
25019115	10764	tɪŋɡu	tɪŋɡu	32599905	unr-008
25019116	10765	tɪŋɡu	tɪŋɡu	32599906	unr-009
25019128	10760	tʰimba	thimba	32599918	unr-004
25019129	10765	tʰimba	thimba	32599919	unr-009
25019131	10760	tʰol	thol	32599921	unr-004
25019132	10764	tʰol	thol	32599922	unr-008
25019133	10765	tʰol	thol	32599923	unr-009
25019146	10758	tʰuː dəˈʔa	thudəʔa	32599936	unr-002
25019153	10764	tʰɛla	thɛla	32599943	unr-008
25019168	10761	t̪et̪ɑŋ	tetɑŋ	32599958	unr-005
25019169	10761	t̪ikin	tikin	32599959	unr-005
25019170	10763	t̪ikin	tikin	32599960	unr-007
25019171	10761	t̪isiŋ	tisiŋ	32599961	unr-005
25019172	10761	t̪owa	towa	32599962	unr-005
25019173	10763	t̪owa	towa	32599963	unr-007
25019174	10761	t̪ut̪ukuɳ	tutukuɳ	32599964	unr-005
25019175	10761	t̪uɾijɑ	tuɾijɑ	32599965	unr-005
25019176	10763	t̪uɾijɑ	tuɾijɑ	32599966	unr-007
25019177	10761	t̪ɐlka	tɐlka	32599967	unr-005
25019178	10763	t̪ɐlka	tɐlka	32599968	unr-007
25019179	10763	t̪ɑɡoj	tɑɡoj	32599969	unr-007
25019180	10761	t̪ɑɾsiŋ	tɑɾsiŋ	32599970	unr-005
25019181	10763	t̪ɑɾɑsiŋki	tɑɾɑsiŋki	32599971	unr-007
25019182	10763	t̪ɛt̪ɑŋ	tɛtɑŋ	32599972	unr-007
25019183	10763	t̪ʰimbɑɡi	thimbɑɡi	32599973	unr-007
25019184	10763	t̪ʰɪmbɑ	thɪmbɑ	32599974	unr-007
25019237	10765	uhur	uhur	32600030	unr-009
25019238	10763	uhuɾ	uhuɾ	32600032	unr-007
25019252	10760	uka	uka	32600047	unr-004
25019253	10764	uka	uka	32600048	unr-008
25019254	10765	uka	uka	32600049	unr-009
25019263	10761	ukɑ	ukɑ	32600059	unr-005
25019264	10763	ukɑ	ukɑ	32600060	unr-007
25019278	10760	uli	uli	32600074	unr-004
25019279	10761	uli	uli	32600075	unr-005
25019280	10763	uli	uli	32600076	unr-007
25019281	10764	uli	uli	32600077	unr-008
25019282	10765	uli	uli	32600078	unr-009
25019294	10760	uma	uma	32600092	unr-004
25019295	10765	uma	uma	32600093	unr-009
25019302	10763	ummɑ	ummɑ	32600100	unr-007
25019312	10764	umɛn	umɛn	32600110	unr-008
25019313	10760	umɪn	umɪn	32600111	unr-004
25019314	10765	umɪn	umɪn	32600112	unr-009
25019316	10759	umˈbul	umbul	32600114	unr-003
25019317	10766	umˈbul	umbul	32600115	unr-010
25019362	10760	up	up	32600164	unr-004
25019363	10764	up	up	32600165	unr-008
25019364	10765	up	up	32600166	unr-009
25019371	10763	upeɳijɑ	upeɳijɑ	32600173	unr-007
25019374	10766	upniˈja	upnija	32600176	unr-010
25019378	10760	upuna	upuna	32600180	unr-004
25019379	10764	upuna	upuna	32600181	unr-008
25019380	10765	upuna	upuna	32600182	unr-009
25019399	10758	uriˈʔi	uriʔi	32600203	unr-002
25019430	10760	usraw	usraw	32600237	unr-004
25019488	10759	uɳˈɖu	uɳɖu	32600298	unr-003
25019489	10766	uɳˈɖu	uɳɖu	32600299	unr-010
25019493	10761	uɾ	uɾ	32600303	unr-005
25019494	10760	uɾui̯k	uɾuik	32600304	unr-004
25019497	10764	uɾɪk˺	uɾɪk	32600307	unr-008
25019498	10765	uɾɪk˺	uɾɪk	32600308	unr-009
25019505	10764	uʈʰaj	uʈhaj	32600315	unr-008
25019506	10760	uʈʰaw	uʈhaw	32600316	unr-004
25019507	10765	uʈʰaw	uʈhaw	32600317	unr-009
25019508	10761	uʔmɪn	uʔmɪn	32600318	unr-005
25019509	10763	uʔp	uʔp	32600319	unr-007
25019514	10759	uˈka	uka	32600324	unr-003
25019518	10758	uˈmar	umar	32600328	unr-002
25019519	10759	uˈmar	umar	32600329	unr-003
25019531	10759	uˈpunia	upunia	32600344	unr-003
25019532	10762	uˈpunia	upunia	32600345	unr-006
25019536	10759	uˈriʔ	uriʔ	32600349	unr-003
25019537	10766	uˈriʔ	uriʔ	32600350	unr-010
25019544	10762	uˈᵐbul	umbul	32600358	unr-006
25019547	10758	uːb	ub	32600361	unr-002
25019548	10759	uːb	ub	32600362	unr-003
25019551	10762	uːb˺	ub	32600365	unr-006
25019552	10766	uːb˺	ub	32600366	unr-010
25019559	10762	uːr	ur	32600375	unr-006
25019560	10766	uːr	ur	32600376	unr-010
25019682	10760	æɡaɾo	æɡaɾo	32600504	unr-004
25019683	10764	æɡaɾo	æɡaɾo	32600505	unr-008
25019684	10765	æɡaɾo	æɡaɾo	32600506	unr-009
25019712	10758	õːʈʰ	oʈh	32600537	unr-002
25019912	10763	ɐjub	ɐjub	32600746	unr-007
25019913	10763	ɐle	ɐle	32600747	unr-007
25019914	10763	ɐlɑŋ	ɐlɑŋ	32600748	unr-007
25019915	10763	ɐpe	ɐpe	32600749	unr-007
25019916	10763	ɐpijɑ	ɐpijɑ	32600750	unr-007
25019917	10761	ɐtɑᵘɾi	ɐtɑuɾi	32600751	unr-005
25019918	10763	ɐŋkʈi	ɐŋkʈi	32600752	unr-007
25019919	10763	ɐɾɑɑʔ	ɐɾɑɑʔ	32600753	unr-007
25019920	10763	ɑben	ɑben	32600754	unr-007
25019921	10761	ɑbɑ	ɑbɑ	32600755	unr-005
25019922	10763	ɑbɑ	ɑbɑ	32600756	unr-007
25019924	10761	ɑle	ɑle	32600758	unr-005
25019925	10761	ɑlu	ɑlu	32600759	unr-005
25019926	10763	ɑlu	ɑlu	32600760	unr-007
25019928	10761	ɑm	ɑm	32600762	unr-005
25019931	10761	ɑpe	ɑpe	32600765	unr-005
25019932	10761	ɑpije	ɑpije	32600766	unr-005
25019933	10761	ɑpiɾ	ɑpiɾ	32600767	unr-005
25019938	10761	ɑrɑʔɑ	ɑrɑʔɑ	32600772	unr-005
25019940	10761	ɑɾeje	ɑɾeje	32600774	unr-005
25019941	10763	ɑɾeje	ɑɾeje	32600775	unr-007
25019945	10761	ɑⁱɲ	ɑiɲ	32600779	unr-005
25020023	10763	ɔkaje	ɔkaje	32600859	unr-007
25020025	10761	ɔkoj	ɔkoj	32600861	unr-005
25020026	10763	ɔkot̪e	ɔkote	32600862	unr-007
25020242	10761	ɔɽɑ	ɔɽɑ	32601092	unr-005
25020243	10763	ɔɽɑ	ɔɽɑ	32601093	unr-007
25020244	10763	ɔʈɑŋ	ɔʈɑŋ	32601094	unr-007
25020317	10762	ɖaɳˈʈi	ɖaɳʈi	32601171	unr-006
25020318	10766	ɖaɳˈʈi	ɖaɳʈi	32601172	unr-010
25020323	10760	ɖaʈa	ɖaʈa	32601177	unr-004
25020324	10764	ɖaʈa	ɖaʈa	32601178	unr-008
25020325	10765	ɖaʈa	ɖaʈa	32601179	unr-009
25020331	10766	ɖaˈɖi	ɖaɖi	32601185	unr-010
25020332	10759	ɖaˈɖo	ɖaɖo	32601186	unr-003
25020333	10766	ɖaˈɖo	ɖaɖo	32601187	unr-010
25020335	10758	ɖaˈʈa	ɖaʈa	32601189	unr-002
25020336	10759	ɖaˈʈa	ɖaʈa	32601190	unr-003
25020337	10762	ɖaˈʈa	ɖaʈa	32601191	unr-006
25020338	10766	ɖaˈʈa	ɖaʈa	32601192	unr-010
25020348	10758	ɖekˈʧi	ɖekʧi	32601202	unr-002
25020349	10759	ɖekˈʧi	ɖekʧi	32601203	unr-003
25020374	10762	ɖikˈʧi	ɖikʧi	32601229	unr-006
25020375	10766	ɖikˈʧi	ɖikʧi	32601230	unr-010
25020411	10759	ɖoŋˈga	ɖoŋga	32601266	unr-003
25020412	10762	ɖoŋˈga	ɖoŋga	32601267	unr-006
25020413	10766	ɖoŋˈga	ɖoŋga	32601268	unr-010
25020414	10758	ɖoʈˈra	ɖoʈra	32601269	unr-002
25020444	10759	ɖuˈri	ɖuri	32601300	unr-003
25020445	10762	ɖuˈri	ɖuri	32601301	unr-006
25020446	10766	ɖuˈri	ɖuri	32601302	unr-010
25020464	10761	ɖɐtɑ	ɖɐtɑ	32601322	unr-005
25020465	10763	ɖɑʈɑ	ɖɑʈɑ	32601323	unr-007
25020500	10760	ɖʒalna	ɖʒalna	32601359	unr-004
25020501	10765	ɖʒalna	ɖʒalna	32601360	unr-009
25020511	10760	ɖʒanum	ɖʒanum	32601370	unr-004
25020512	10764	ɖʒanum	ɖʒanum	32601371	unr-008
25020513	10765	ɖʒanum	ɖʒanum	32601372	unr-009
25020517	10764	ɖʒardi	ɖʒardi	32601376	unr-008
25020523	10760	ɖʒaŋ	ɖʒaŋ	32601382	unr-004
25020523	10760	ɖʒaŋ	ɖʒaŋ	32601392	unr-004
25020524	10764	ɖʒaŋ	ɖʒaŋ	32601383	unr-008
25020524	10764	ɖʒaŋ	ɖʒaŋ	32601393	unr-008
25020525	10765	ɖʒaŋ	ɖʒaŋ	32601384	unr-009
25020525	10765	ɖʒaŋ	ɖʒaŋ	32601394	unr-009
25020543	10761	ɖʒaɡaɾ	ɖʒaɡaɾ	32601407	unr-005
25020545	10760	ɖʒaɾom	ɖʒaɾom	32601409	unr-004
25020546	10764	ɖʒaɾom	ɖʒaɾom	32601410	unr-008
25020547	10765	ɖʒaɾom	ɖʒaɾom	32601411	unr-009
25020556	10761	ɖʒiliŋ	ɖʒiliŋ	32601420	unr-005
25020557	10763	ɖʒiliŋ	ɖʒiliŋ	32601421	unr-007
25020560	10761	ɖʒilu	ɖʒilu	32601424	unr-005
25020564	10760	ɖʒilɪŋ	ɖʒilɪŋ	32601428	unr-004
25020565	10764	ɖʒilɪŋ	ɖʒilɪŋ	32601429	unr-008
25020566	10765	ɖʒilɪŋ	ɖʒilɪŋ	32601430	unr-009
25020570	10761	ɖʒo	ɖʒo	32601434	unr-005
25020571	10763	ɖʒo	ɖʒo	32601435	unr-007
25020574	10760	ɖʒoa	ɖʒoa	32601438	unr-004
25020575	10764	ɖʒoa	ɖʒoa	32601439	unr-008
25020576	10765	ɖʒoa	ɖʒoa	32601440	unr-009
25020585	10763	ɖʒom t̪iʔ	ɖʒomtiʔ	32601449	unr-007
25020586	10760	ɖʒom	ɖʒom	32601450	unr-004
25020586	10760	ɖʒom	ɖʒom	32601460	unr-004
25020587	10761	ɖʒom	ɖʒom	32601451	unr-005
25020587	10761	ɖʒom	ɖʒom	32601461	unr-005
25020588	10764	ɖʒom	ɖʒom	32601452	unr-008
25020588	10764	ɖʒom	ɖʒom	32601463	unr-008
25020589	10765	ɖʒom	ɖʒom	32601453	unr-009
25020589	10765	ɖʒom	ɖʒom	32601464	unr-009
25020596	10763	ɖʒom	ɖʒom	32601462	unr-007
25020615	10764	ɖʒonɛar	ɖʒonɛar	32601484	unr-008
25020616	10760	ɖʒonɛhar	ɖʒonɛhar	32601485	unr-004
25020617	10765	ɖʒonɛhar	ɖʒonɛhar	32601486	unr-009
25020637	10765	ɖʒuda ɖʒuda	ɖʒudaɖʒuda	32601506	unr-009
25020638	10760	ɖʒudɨ ɖʒudɨ	ɖʒudɨɖʒudɨ	32601507	unr-004
25020645	10763	ɖʒɐnum	ɖʒɐnum	32601514	unr-007
25020646	10761	ɖʒɐŋ	ɖʒɐŋ	32601515	unr-005
25020647	10763	ɖʒɐɾɑm	ɖʒɐɾɑm	32601516	unr-007
25020648	10761	ɖʒɐɾɔm	ɖʒɐɾɔm	32601517	unr-005
25020649	10761	ɖʒɑnum	ɖʒɑnum	32601518	unr-005
25020650	10763	ɖʒɑŋ	ɖʒɑŋ	32601519	unr-007
25020654	10760	ɖʒɔ	ɖʒɔ	32601523	unr-004
25020655	10764	ɖʒɔ	ɖʒɔ	32601524	unr-008
25020656	10765	ɖʒɔ	ɖʒɔ	32601525	unr-009
25020664	10763	ɖʒɔnooʔ	ɖʒɔnooʔ	32601533	unr-007
25020665	10761	ɖʒɔnoʔ	ɖʒɔnoʔ	32601534	unr-005
25020666	10760	ɖʒɔnɔ.ɔ	ɖʒɔnɔɔ	32601535	unr-004
25020667	10764	ɖʒɔnɔ.ɔ	ɖʒɔnɔɔ	32601536	unr-008
25020668	10765	ɖʒɔnɔ.ɔ	ɖʒɔnɔɔ	32601537	unr-009
25020682	10760	ɖʒɔt	ɖʒɔt	32601551	unr-004
25020683	10764	ɖʒɔt	ɖʒɔt	32601552	unr-008
25020684	10765	ɖʒɔt	ɖʒɔt	32601553	unr-009
25020696	10760	ɖʒɔɖʒɔ	ɖʒɔɖʒɔ	32601565	unr-004
25020697	10764	ɖʒɔɖʒɔ	ɖʒɔɖʒɔ	32601566	unr-008
25020698	10765	ɖʒɔɖʒɔ	ɖʒɔɖʒɔ	32601567	unr-009
25020816	10765	ɛjaj	ɛjaj	32601692	unr-009
25020825	10760	ɛm	ɛm	32601701	unr-004
25020826	10763	ɛm	ɛm	32601702	unr-007
25020827	10764	ɛm	ɛm	32601703	unr-008
25020828	10765	ɛm	ɛm	32601704	unr-009
25020840	10760	ɛnei̯t	ɛneit	32601716	unr-004
25020840	10760	ɛnei̯t	ɛneit	32601729	unr-004
25020841	10765	ɛnei̯t	ɛneit	32601717	unr-009
25020841	10765	ɛnei̯t	ɛneit	32601731	unr-009
25020849	10764	ɛnei̯t	ɛneit	32601730	unr-008
25020853	10764	ɛŋɡam	ɛŋɡam	32601743	unr-008
25020866	10763	ɛʈɐɑʔ ɛʈɐɑʔ	ɛʈɐɑʔɛʈɐɑʔ	32601756	unr-007
25020913	10760	ɡalaŋ	ɡalaŋ	32601804	unr-004
25020927	10760	ɡapa	ɡapa	32601819	unr-004
25020928	10765	ɡapa	ɡapa	32601820	unr-009
25020939	10760	ɡati	ɡati	32601831	unr-004
25020954	10764	ɡaɖa	ɡaɖa	32601847	unr-008
25020967	10761	ɡaⁱ	ɡai	32601860	unr-005
25020968	10761	ɡelbɑɾija	ɡelbɑɾija	32601861	unr-005
25020968	10761	ɡelbɑɾija	ɡelbɑɾija	32601862	unr-005
25020970	10761	ɡeleje	ɡeleje	32601864	unr-005
25020985	10760	ɡitiʔ	ɡitiʔ	32601879	unr-004
25020986	10764	ɡitiʔ	ɡitiʔ	32601880	unr-008
25020987	10765	ɡitiʔ	ɡitiʔ	32601881	unr-009
25021000	10760	ɡitɪl	ɡitɪl	32601894	unr-004
25021001	10765	ɡitɪl	ɡitɪl	32601895	unr-009
25021010	10763	ɡit̪i	ɡiti	32601904	unr-007
25021011	10761	ɡit̪il	ɡitil	32601905	unr-005
25021012	10763	ɡit̪il	ɡitil	32601906	unr-007
25021013	10763	ɡit̪iɡ	ɡitiɡ	32601907	unr-007
25021014	10761	ɡit̪iʔ	ɡitiʔ	32601908	unr-005
25021024	10760	ɡoi̯t	ɡoit	32601918	unr-004
25021025	10764	ɡoi̯t	ɡoit	32601919	unr-008
25021026	10765	ɡoi̯t	ɡoit	32601920	unr-009
25021054	10764	ɡua	ɡua	32601948	unr-008
25021079	10763	ɡunɖa	ɡunɖa	32601973	unr-007
25021080	10763	ɡunɖi	ɡunɖi	32601974	unr-007
25021097	10761	ɡɑppɑ	ɡɑppɑ	32601991	unr-005
25021098	10763	ɡɑpɑ	ɡɑpɑ	32601992	unr-007
25021099	10761	ɡɑɖi	ɡɑɖi	32601993	unr-005
25021100	10761	ɡɑɖɑ	ɡɑɖɑ	32601994	unr-005
25021104	10760	ɡɔhɔm	ɡɔhɔm	32601998	unr-004
25021105	10761	ɡɔhɔm	ɡɔhɔm	32601999	unr-005
25021106	10764	ɡɔhɔm	ɡɔhɔm	32602000	unr-008
25021107	10765	ɡɔhɔm	ɡɔhɔm	32602001	unr-009
25021108	10763	ɡɔhɔmo	ɡɔhɔmo	32602002	unr-007
25021133	10765	ɡɛlɛa	ɡɛlɛa	32602027	unr-009
25021154	10760	ɡɛɖɛ	ɡɛɖɛ	32602048	unr-004
25021155	10764	ɡɛɖɛ	ɡɛɖɛ	32602049	unr-008
25021156	10765	ɡɛɖɛ	ɡɛɖɛ	32602050	unr-009
25021199	10760	ɨlu	ɨlu	32602093	unr-004
25021200	10765	ɨlu	ɨlu	32602094	unr-009
25021226	10761	ɪŋɡɑ	ɪŋɡɑ	32602120	unr-005
25021228	10764	ɪʃin	ɪʃin	32602122	unr-008
25021286	10760	ɽiɽiŋ	ɽiɽiŋ	32602180	unr-004
25021287	10760	ɽɛar	ɽɛar	32602181	unr-004
25021288	10764	ɽɨɽɪŋ	ɽɨɽɪŋ	32602182	unr-008
25021289	10765	ɽɨɽɪŋ	ɽɨɽɪŋ	32602183	unr-009
25021295	10760	ɾama	ɾama	32602189	unr-004
25021296	10764	ɾama	ɾama	32602190	unr-008
25021297	10765	ɾama	ɾama	32602191	unr-009
25021305	10760	ɾamal	ɾamal	32602199	unr-004
25021306	10764	ɾamal	ɾamal	32602200	unr-008
25021307	10765	ɾamal	ɾamal	32602201	unr-009
25021308	10765	ɾasoɾi	ɾasoɾi	32602202	unr-009
25021313	10764	ɾasuɾi	ɾasuɾi	32602207	unr-008
25021320	10760	ɾaʃoɽi	ɾaʃoɽi	32602214	unr-004
25021324	10761	ɾeŋɡe	ɾeŋɡe	32602218	unr-005
25021325	10761	ɾeʔ	ɾeʔ	32602219	unr-005
25021326	10763	ɾeʔheʔ	ɾeʔheʔ	32602220	unr-007
25021329	10761	ɾimbil	ɾimbil	32602223	unr-005
25021330	10763	ɾimil	ɾimil	32602224	unr-007
25021331	10764	ɾimɪl sadi	ɾimɪlsadi	32602225	unr-008
25021332	10765	ɾimɪl sadi	ɾimɪlsadi	32602226	unr-009
25021334	10760	ɾimɪl ʃadi	ɾimɪlʃadi	32602228	unr-004
25021338	10760	ɾimɪl	ɾimɪl	32602232	unr-004
25021339	10764	ɾimɪl	ɾimɪl	32602233	unr-008
25021340	10765	ɾimɪl	ɾimɪl	32602234	unr-009
25021347	10763	ɾoboɽ	ɾoboɽ	32602241	unr-007
25021356	10761	ɾoɖɔ	ɾoɖɔ	32602250	unr-005
25021357	10761	ɾɐbɑl	ɾɐbɑl	32602251	unr-005
25021358	10763	ɾɑbɑŋ	ɾɑbɑŋ	32602252	unr-007
25021359	10763	ɾɑmɑ	ɾɑmɑ	32602253	unr-007
25021360	10761	ɾɑpud̪	ɾɑpud	32602254	unr-005
25021361	10763	ɾɑpuʔ	ɾɑpuʔ	32602255	unr-007
25021362	10761	ɾɑsuɳi	ɾɑsuɳi	32602256	unr-005
25021363	10763	ɾɑsuɳi	ɾɑsuɳi	32602257	unr-007
25021370	10763	ɾɛŋkekɡi	ɾɛŋkekɡi	32602264	unr-007
25021374	10760	ʃahar	ʃahar	32602268	unr-004
25021378	10764	ʃajja	ʃajja	32602272	unr-008
25021382	10760	ʃamudar	ʃamudar	32602276	unr-004
25021383	10764	ʃamudro	ʃamudro	32602277	unr-008
25021387	10760	ʃarʃar	ʃarʃar	32602281	unr-004
25021392	10760	ʃat	ʃat	32602286	unr-004
25021393	10764	ʃat	ʃat	32602287	unr-008
25021396	10760	ʃaŋɡi	ʃaŋɡi	32602290	unr-004
25021402	10760	ʃaŋɡiŋ	ʃaŋɡiŋ	32602296	unr-004
25021403	10760	ʃaɡana	ʃaɡana	32602297	unr-004
25021406	10760	ʃaɽi	ʃaɽi	32602300	unr-004
25021416	10760	ʃikɾi	ʃikɾi	32602310	unr-004
25021424	10760	ʃim	ʃim	32602318	unr-004
25021430	10760	ʃirma	ʃirma	32602324	unr-004
25021434	10760	ʃiŋɡi dubui̯t	ʃiŋɡidubuit	32602328	unr-004
25021435	10764	ʃiŋɡi	ʃiŋɡi	32602329	unr-008
25021435	10764	ʃiŋɡi	ʃiŋɡi	32602333	unr-008
25021438	10760	ʃiŋɡi	ʃiŋɡi	32602332	unr-004
25021444	10760	ʃoja	ʃoja	32602339	unr-004
25021448	10760	ʃona	ʃona	32602343	unr-004
25021456	10760	ʃuj	ʃuj	32602351	unr-004
25021459	10760	ʃukur	ʃukur	32602354	unr-004
25021463	10760	ʃukɾi	ʃukɾi	32602358	unr-004
25021469	10760	ʃunum	ʃunum	32602364	unr-004
25021476	10760	ʃupaɾi	ʃupaɾi	32602371	unr-004
25021479	10760	ʃutam	ʃutam	32602374	unr-004
25021483	10764	ʃɔ	ʃɔ	32602378	unr-008
25021491	10760	ʃɔto	ʃɔto	32602386	unr-004
25021498	10760	ʃɛno.o	ʃɛnoo	32602393	unr-004
25021503	10760	ʃɛta	ʃɛta	32602398	unr-004
25021504	10764	ʃɛta	ʃɛta	32602399	unr-008
25021509	10760	ʃɛtaʔ	ʃɛtaʔ	32602404	unr-004
25021515	10760	ʃɛŋɡɛl	ʃɛŋɡɛl	32602410	unr-004
25021525	10759	ʈaˈjad	ʈajad	32602420	unr-003
25021528	10758	ʈaˈpu	ʈapu	32602424	unr-002
25021529	10759	ʈaˈpu	ʈapu	32602425	unr-003
25021539	10758	ʈemˈna	ʈemna	32602437	unr-002
25021563	10760	ʈola	ʈola	32602463	unr-004
25021569	10758	ʈoŋˈka	ʈoŋka	32602469	unr-002
25021571	10766	ʈoʈoˈɳa	ʈoʈoɳa	32602471	unr-010
25021572	10762	ʈoʈoˈɳã	ʈoʈoɳa	32602472	unr-006
25021573	10759	ʈoʈoˈɽa	ʈoʈoɽa	32602473	unr-003
25021580	10758	ʈuŋgˈri	ʈuŋgri	32602480	unr-002
25021585	10763	ʈɐʈɾɑ	ʈɐʈɾɑ	32602485	unr-007
25021586	10761	ʈɑhɑl	ʈɑhɑl	32602486	unr-005
25021587	10760	ʈɔko	ʈɔko	32602487	unr-004
25021588	10764	ʈɔko	ʈɔko	32602488	unr-008
25021589	10765	ʈɔko	ʈɔko	32602489	unr-009
25021590	10764	ʈɔnan	ʈɔnan	32602490	unr-008
25021601	10764	ʈɪkʈɪki	ʈɪkʈɪki	32602501	unr-008
25021604	10760	ʈɪkʈɪkia	ʈɪkʈɪkia	32602504	unr-004
25021605	10765	ʈɪkʈɪkia	ʈɪkʈɪkia	32602505	unr-009
25021608	10760	ʈʃa.a?lom	ʈʃaalom	32602508	unr-004
25021609	10764	ʈʃa.a?lom	ʈʃaalom	32602509	unr-008
25021610	10765	ʈʃa.a?lom	ʈʃaalom	32602510	unr-009
25021611	10764	ʈʃakal	ʈʃakal	32602511	unr-008
25021626	10764	ʈʃamaʈʃ	ʈʃamaʈʃ	32602526	unr-008
25021627	10765	ʈʃamaʈʃ	ʈʃamaʈʃ	32602527	unr-009
25021633	10760	ʈʃamoʈʃ	ʈʃamoʈʃ	32602533	unr-004
25021639	10764	ʈʃamɾa	ʈʃamɾa	32602539	unr-008
25021652	10765	ʈʃandu	ʈʃandu	32602561	unr-009
25021652	10765	ʈʃandu	ʈʃandu	32602570	unr-009
25021658	10760	ʈʃandu	ʈʃandu	32602568	unr-004
25021659	10764	ʈʃandu	ʈʃandu	32602569	unr-008
25021685	10760	ʈʃawli	ʈʃawli	32602603	unr-004
25021686	10764	ʈʃawli	ʈʃawli	32602604	unr-008
25021687	10765	ʈʃawli	ʈʃawli	32602605	unr-009
25021700	10765	ʈʃiminaŋ	ʈʃiminaŋ	32602618	unr-009
25021701	10764	ʈʃimintʰu	ʈʃiminthu	32602619	unr-008
25021702	10761	ʈʃiminɑŋ	ʈʃiminɑŋ	32602620	unr-005
25021703	10763	ʈʃiminɑŋɡi	ʈʃiminɑŋɡi	32602621	unr-007
25021704	10761	ʈʃimit̪ɑŋ	ʈʃimitɑŋ	32602622	unr-005
25021705	10763	ʈʃimtɑn	ʈʃimtɑn	32602623	unr-007
25021706	10760	ʈʃimɲʌŋ	ʈʃimɲʌŋ	32602624	unr-004
25021708	10763	ʈʃina	ʈʃina	32602626	unr-007
25021709	10764	ʈʃina	ʈʃina	32602627	unr-008
25021710	10765	ʈʃina	ʈʃina	32602628	unr-009
25021716	10764	ʈʃokɛ	ʈʃokɛ	32602634	unr-008
25021729	10760	ʈʃuna	ʈʃuna	32602647	unr-004
25021730	10764	ʈʃuna	ʈʃuna	32602648	unr-008
25021731	10765	ʈʃuna	ʈʃuna	32602649	unr-009
25021733	10763	ʈʃɐnkɑ	ʈʃɐnkɑ	32602651	unr-007
25021734	10763	ʈʃɐʔlom	ʈʃɐʔlom	32602652	unr-007
25021735	10761	ʈʃɑnɑʔɑ	ʈʃɑnɑʔɑ	32602653	unr-005
25021736	10763	ʈʃɑnʈu	ʈʃɑnʈu	32602654	unr-007
25021737	10761	ʈʃɑnʈuuʔ	ʈʃɑnʈuuʔ	32602655	unr-005
25021738	10761	ʈʃɑʋuli	ʈʃɑʋuli	32602656	unr-005
25021739	10761	ʈʃɑʔlom	ʈʃɑʔlom	32602657	unr-005
25021740	10763	ʈʃɑᵘli	ʈʃɑuli	32602658	unr-007
25021741	10760	ʈʃɔkɛ	ʈʃɔkɛ	32602659	unr-004
25021742	10765	ʈʃɔkɛ	ʈʃɔkɛ	32602660	unr-009
25021761	10760	ʈʃɛtan	ʈʃɛtan	32602679	unr-004
25021762	10764	ʈʃɛtan	ʈʃɛtan	32602680	unr-008
25021763	10765	ʈʃɛtan	ʈʃɛtan	32602681	unr-009
25021772	10761	ʈʃɛt̪n	ʈʃɛtn	32602690	unr-005
25021773	10763	ʈʃɛt̪n	ʈʃɛtn	32602691	unr-007
25021787	10760	ʈʃɪntam	ʈʃɪntam	32602705	unr-004
25021788	10764	ʈʃɪntam	ʈʃɪntam	32602706	unr-008
25021789	10765	ʈʃɪntam	ʈʃɪntam	32602707	unr-009
25021793	10764	ʈʃʰuɾi	ʈʃhuɾi	32602711	unr-008
25021794	10765	ʈʃʰuɾi	ʈʃhuɾi	32602712	unr-009
25021806	10764	ʈʰaɖʒi	ʈhaɖʒi	32602724	unr-008
25021807	10764	ʈʰaʈɽa	ʈhaʈɽa	32602725	unr-008
25021813	10758	ʈʰoˑr	ʈhor	32602731	unr-002
25021814	10759	ʈʰoˑr	ʈhor	32602732	unr-003
25021849	10766	ʤalaŋˈkaˑr	ʤalaŋkar	32602772	unr-010
25021850	10758	ʤalaˈkar	ʤalakar	32602773	unr-002
25021851	10762	ʤalaˈkar	ʤalakar	32602774	unr-006
25021852	10759	ʤalaˈkaˑr	ʤalakar	32602775	unr-003
25021855	10759	ʤanoˈar	ʤanoar	32602778	unr-003
25021857	10758	ʤanuˈar	ʤanuar	32602780	unr-002
25021862	10759	ʤarˈgi	ʤargi	32602785	unr-003
25021867	10758	ʤaŋ	ʤaŋ	32602790	unr-002
25021868	10759	ʤaŋ	ʤaŋ	32602786	unr-003
25021868	10759	ʤaŋ	ʤaŋ	32602791	unr-003
25021869	10762	ʤaŋ	ʤaŋ	32602792	unr-006
25021869	10762	ʤaŋ	ʤaŋ	32602799	unr-006
25021870	10766	ʤaŋ	ʤaŋ	32602793	unr-010
25021870	10766	ʤaŋ	ʤaŋ	32602800	unr-010
25021876	10758	ʤaŋˈgal	ʤaŋgal	32602804	unr-002
25021882	10759	ʤaˈgar	ʤagar	32602811	unr-003
25021883	10762	ʤaˈgar	ʤagar	32602812	unr-006
25021884	10766	ʤaˈgar	ʤagar	32602813	unr-010
25021885	10759	ʤaˈi hon	ʤaihon	32602814	unr-003
25021886	10762	ʤaˈi hon	ʤaihon	32602815	unr-006
25021889	10759	ʤaˈla	ʤala	32602818	unr-003
25021890	10762	ʤaˈla	ʤala	32602819	unr-006
25021891	10766	ʤaˈla	ʤala	32602820	unr-010
25021897	10759	ʤaˈlom	ʤalom	32602826	unr-003
25021898	10762	ʤaˈlom	ʤalom	32602827	unr-006
25021899	10766	ʤaˈlom	ʤalom	32602828	unr-010
25021901	10759	ʤaˈnao	ʤanao	32602830	unr-003
25021902	10762	ʤaˈnao	ʤanao	32602831	unr-006
25021906	10759	ʤaˈrom	ʤarom	32602835	unr-003
25021907	10758	ʤaːl	ʤal	32602836	unr-002
25021913	10758	ʤilˈlu	ʤillu	32602844	unr-002
25021913	10758	ʤilˈlu	ʤillu	32602845	unr-002
25021914	10759	ʤiˈja	ʤija	32602846	unr-003
25021920	10759	ʤiˈlu	ʤilu	32602852	unr-003
25021920	10759	ʤiˈlu	ʤilu	32602858	unr-003
25021921	10762	ʤiˈlu	ʤilu	32602853	unr-006
25021921	10762	ʤiˈlu	ʤilu	32602859	unr-006
25021922	10766	ʤiˈlu	ʤilu	32602854	unr-010
25021922	10766	ʤiˈlu	ʤilu	32602860	unr-010
25021925	10759	ʤiˈnis	ʤinis	32602863	unr-003
25021926	10762	ʤiˈnis	ʤinis	32602864	unr-006
25021927	10766	ʤiˈnis	ʤinis	32602865	unr-010
25021934	10758	ʤiːbʰ	ʤibh	32602872	unr-002
25021941	10759	ʤoboˈra	ʤobora	32602882	unr-003
25021943	10762	ʤomˈsaʔ	ʤomsaʔ	32602884	unr-006
25021945	10759	ʤoˈa	ʤoa	32602886	unr-003
25021953	10762	ʤoˈwa	ʤowa	32602894	unr-006
25021961	10759	ʤoː	ʤo	32602902	unr-003
25021962	10762	ʤoː	ʤo	32602903	unr-006
25021963	10766	ʤoː	ʤo	32602904	unr-010
25021969	10758	ʤoːr	ʤor	32602910	unr-002
25021971	10759	ʤoˑm	ʤom	32602912	unr-003
25021983	10758	ʤʰagˈra	ʤhagra	32602924	unr-002
25021993	10759	ʧad˺ˈlom	ʧadlom	32602934	unr-003
25021994	10766	ʧad˺ˈlom	ʧadlom	32602935	unr-010
25021995	10758	ʧamˈɽa	ʧamɽa	32602936	unr-002
25022005	10758	ʧarˈbi	ʧarbi	32602948	unr-002
25022006	10759	ʧauˈli	ʧauli	32602949	unr-003
25022010	10758	ʧaɳɖuˈʔu	ʧaɳɖuʔu	32602953	unr-002
25022012	10759	ʧaɳˈɖuʔ	ʧaɳɖuʔ	32602955	unr-003
25022012	10759	ʧaɳˈɖuʔ	ʧaɳɖuʔ	32602957	unr-003
25022014	10766	ʧaɳˈɖuʔ	ʧaɳɖuʔ	32594116	unr-010
25022014	10766	ʧaɳˈɖuʔ	ʧaɳɖuʔ	32602958	unr-010
25022023	10758	ʧaʊˈli	ʧaʊli	32602967	unr-002
25022024	10762	ʧaʊˈli	ʧaʊli	32602968	unr-006
25022025	10766	ʧaʊˈli	ʧaʊli	32602969	unr-010
25022027	10762	ʧaʔˈlom	ʧaʔlom	32602971	unr-006
25022032	10766	ʧaˈnaʔ	ʧanaʔ	32602976	unr-010
25022034	10762	ʧaˈuə	ʧauə	32602978	unr-006
25022035	10762	ʧaˈᶯɖuʔ	ʧaɳɖuʔ	32602979	unr-006
25022035	10762	ʧaˈᶯɖuʔ	ʧaɳɖuʔ	32602981	unr-006
25022038	10758	ʧaːr	ʧar	32602983	unr-002
25022042	10758	ʧeɦˈra	ʧeɦra	32602987	unr-002
25022053	10758	ʧeˈtan	ʧetan	32602998	unr-002
25022054	10759	ʧeˈtan	ʧetan	32602999	unr-003
25022055	10762	ʧeˈtan	ʧetan	32603000	unr-006
25022056	10766	ʧeˈtan	ʧetan	32603001	unr-010
25022063	10762	ʧilˈka	ʧilka	32603008	unr-006
25022064	10766	ʧilˈka	ʧilka	32603009	unr-010
25022064	10766	ʧilˈka	ʧilka	32603010	unr-010
25022065	10762	ʧilˈkate	ʧilkate	32603011	unr-006
25022067	10759	ʧimiˈnaŋ	ʧiminaŋ	32603013	unr-003
25022067	10759	ʧimiˈnaŋ	ʧiminaŋ	32603015	unr-003
25022068	10762	ʧimiˈnaŋ	ʧiminaŋ	32603014	unr-006
25022069	10766	ʧimiˈnuŋ	ʧiminuŋ	32603016	unr-010
25022069	10766	ʧimiˈnuŋ	ʧiminuŋ	32603017	unr-010
25022072	10759	ʧimˈtaŋ	ʧimtaŋ	32603020	unr-003
25022073	10762	ʧimˈtaŋ	ʧimtaŋ	32603021	unr-006
25022074	10766	ʧimˈtaŋ	ʧimtaŋ	32603022	unr-010
25022075	10758	ʧitʔaˈi hoɽo	ʧitʔaihoɽo	32603023	unr-002
25022076	10758	ʧitˈʔai	ʧitʔai	32603024	unr-002
25022077	10758	ʧiʈˈʈʰi	ʧiʈʈhi	32603025	unr-002
25022081	10758	ʧiˈkan le	ʧikanle	32603030	unr-002
25022082	10758	ʧiˈkan	ʧikan	32603031	unr-002
25022082	10758	ʧiˈkan	ʧikan	32603032	unr-002
25022082	10758	ʧiˈkan	ʧikan	32603033	unr-002
25022092	10759	ʧiˈʈi	ʧiʈi	32603044	unr-003
25022093	10762	ʧiˈʈi	ʧiʈi	32603045	unr-006
25022097	10758	ʧiːʤ	ʧiʤ	32603049	unr-002
25022099	10762	ʧokolˈʈaʔ	ʧokolʈaʔ	32603051	unr-006
25022100	10759	ʧokˈlaʔ	ʧoklaʔ	32603052	unr-003
25022102	10766	ʧouˈwa	ʧouwa	32603054	unr-010
25022104	10758	ʧuʈˈra	ʧuʈra	32603056	unr-002
25022110	10758	ʧʰatˈti	ʧhatti	32603062	unr-002
25022112	10758	ʧʰaːʊ	ʧhaʊ	32603064	unr-002
25022113	10758	ʧʰilˈka	ʧhilka	32603065	unr-002
25022115	10762	ʧẽɳẽ	ʧeɳe	32603067	unr-006
25022116	10766	ʧẽˈɳẽ	ʧeɳe	32603068	unr-010
25022117	10759	ʧẽˈɽe	ʧeɽe	32603069	unr-003
25022132	10766	ˈale	ale	32603088	unr-010
25022137	10766	ˈaʔa	aʔa	32603094	unr-010
25022149	10759	ˈbaː ʧuˌkaʔ	baʧukaʔ	32603109	unr-003
25022150	10762	ˈbaː	ba	32603110	unr-006
25022152	10762	ˈbeʔe	beʔe	32603112	unr-006
25022155	10766	ˈbir ʤiˈlu	birʤilu	32603115	unr-010
25022163	10766	ˈboʔo	boʔo	32603123	unr-010
25022164	10762	ˈboʔᵒ	boʔo	32603124	unr-006
25022176	10762	ˈbuʔu	buʔu	32603137	unr-006
25022212	10762	ˈeːja	eja	32603173	unr-006
25022221	10762	ˈgaʊ	gaʊ	32603182	unr-006
25022222	10766	ˈgaʊ	gaʊ	32603183	unr-010
25022239	10762	ˈhai	hai	32603200	unr-006
25022246	10759	ˈhansaʔ	hansaʔ	32603209	unr-003
25022249	10759	ˈhantaʔ	hantaʔ	32603212	unr-003
25022252	10766	ˈhon hoˈpon	honhopon	32603215	unr-010
25022253	10762	ˈhon hoˌpon	honhopon	32603216	unr-006
25022254	10759	ˈhon koɽa	honkoɽa	32603217	unr-003
25022255	10759	ˈhon kuɽi	honkuɽi	32603218	unr-003
25022259	10762	ˈhoɽo	hoɽo	32603222	unr-006
25022299	10759	ˈkũa	kua	32603263	unr-003
25022312	10759	ˈlaʔi	laʔi	32603276	unr-003
25022313	10762	ˈlaʔi	laʔi	32603277	unr-006
25022317	10762	ˈleʔe	leʔe	32603281	unr-006
25022328	10759	ˈmed kuˈʈi	medkuʈi	32603292	unr-003
25022329	10766	ˈmed mũˌɽa	medmuɽa	32603293	unr-010
25022331	10766	ˈmed˺ daʔ	meddaʔ	32603295	unr-010
25022334	10766	ˈmed˺ ʈipəˌni	medʈipəni	32603298	unr-010
25022351	10759	ˈmijad˺	mijad	32603315	unr-003
25022358	10759	ˈmisi	misi	32603323	unr-003
25022373	10759	ˈmuiʔ	muiʔ	32603338	unr-003
25022378	10766	ˈmuˑi	mui	32603343	unr-010
25022382	10766	ˈmõː surut	mosurut	32603347	unr-010
25022386	10762	ˈnaːʔa	naʔa	32603351	unr-006
25022435	10758	ˈroʤ hulaˈi	roʤhulai	32603405	unr-002
25022437	10762	ˈruwa	ruwa	32603407	unr-006
25022446	10762	ˈsaɦar	saɦar	32603416	unr-006
25022456	10762	ˈsim	sim	32603427	unr-006
25022457	10766	ˈsirima	sirima	32603428	unr-010
25022458	10759	ˈsirma	sirma	32603429	unr-003
25022470	10762	ˈsui	sui	32603441	unr-006
25022485	10759	ˈsuˑi	sui	32603456	unr-003
25022486	10766	ˈsuˑi	sui	32603457	unr-010
25022488	10758	ˈsũːi	sui	32603459	unr-002
25022491	10758	ˈtai	tai	32603462	unr-002
25022492	10759	ˈtai	tai	32603463	unr-003
25022493	10762	ˈtai	tai	32603464	unr-006
25022534	10758	ˈɖaˑir	ɖair	32603508	unr-002
25022541	10766	ˈʈãːo	ʈao	32603515	unr-010
25022542	10766	ˈʈãːõ	ʈao	32603516	unr-010
25022543	10759	ˈʈãːõ	ʈao	32603517	unr-003
25022547	10762	ˈʈʰãːõ	ʈhao	32603521	unr-006
25022549	10758	ˈʤaiɽ	ʤaiɽ	32603523	unr-002
25022564	10766	ˈʤomsaʔ	ʤomsaʔ	32603538	unr-010
25022588	10759	ˈʧiaʔ	ʧiaʔ	32603562	unr-003
25022590	10759	ˈʧilika	ʧilika	32603564	unr-003
25022593	10758	ˈʧilka	ʧilka	32603567	unr-002
25022603	10758	ˌuˑb roˈwa	ubrowa	32603577	unr-002
25023356	10766	be	be	32586486	unr-010
25023358	10766	gati	gati	32586488	unr-010
25023359	10766	soŋˈge	soŋge	32586488	unr-010
25023361	10766	ikir, ʤʰiːr	ikirʤhir	32586490	unr-010
25023362	10766	koto	koto	32586491	unr-010
25023365	10758	nija ʧikan	nijaʧikan	32586495	unr-002
25023368	10758	saŋkʰja	saŋkhja	32586498	unr-002
25023369	10766	siku	siku	32586500	unr-010
25023370	10758	sirma	sirma	32586501	unr-002
25023371	10766	siŋ a	siŋa	32586502	unr-010
25023372	10766	suŋgu	suŋgu	32586503	unr-010
25023373	10758	ubul	ubul	32586504	unr-002
25023375	10766	ʈapu, dʧanaa?	ʈapudʧanaa	32586506	unr-010
25023376	10766	ʤowa	ʤowa	32586507	unr-010
25023470	10762	aɽandi kuˈɽi	aɽandikuɽi	32587121	unr-006
25023471	10762	koˈnea	konea	32587121	unr-006
25023480	10762	aˈle	ale	32587221	unr-006
25023481	10762	aˈbu	abu	32587221	unr-006
25023482	10762	aˈpe	ape	32587230	unr-006
25023483	10762	aˈben	aben	32587230	unr-006
25023484	10766	aˈpu	apu	32587236	unr-010
25023485	10766	aˈba	aba	32587236	unr-010
25023493	10759	aˈɽi	aɽi	32587269	unr-003
25023494	10759	lojoŋ	lojoŋ	32587269	unr-003
25023495	10766	aˈɽi	aɽi	32587270	unr-010
25023496	10766	loˈjoŋ	lojoŋ	32587270	unr-010
25023581	10758	biˈli	bili	32588118	unr-002
25023582	10758	(ʤarom) bilˈli	ʤarombilli	32588118	unr-002
25023639	10766	bir	bir	32588538	unr-010
25023685	10766	daˈru	daru	32589102	unr-010
25023686	10766	buˈʈa	buʈa	32589102	unr-010
25023687	10759	daˈʧo	daʧo	32589120	unr-003
25023688	10759	kiwa	kiwa	32589120	unr-003
25023759	10766	eŋˈga	eŋga	32589746	unr-010
25023760	10766	maː	ma	32589746	unr-010
25023863	10762	guɳˈɖa	guɳɖa	32590469	unr-006
25023864	10762	luˈpuʔ	lupuʔ	32590469	unr-006
25023871	10759	guˈsul ub	gusulub	32590482	unr-003
25023872	10759	suŋga ub	suŋgaub	32590482	unr-003
25023886	10762	hapˈta	hapta	32590751	unr-006
25023887	10762	aˈʈauɽi	aʈauɽi	32590751	unr-006
25023888	10759	harˈtaʔ	hartaʔ	32590778	unr-003
25023889	10759	ur	ur	32590778	unr-003
25023906	10759	hoˈloŋ	holoŋ	32591054	unr-003
25023907	10759	guɳɖa	guɳɖa	32591054	unr-003
25023915	10762	huˈɽiŋ leˌka	huɽiŋleka	32591174	unr-006
25023916	10762	ˈmid˺ ʧoˌkəe	midʧokəe	32591174	unr-006
25023974	10766	iˈniʔ	iniʔ	32591718	unr-010
25023974	10766	iˈniʔ	iniʔ	32591719	unr-010
25023975	10766	ˈaeʔ	aeʔ	32591718	unr-010
25023975	10766	ˈaeʔ	aeʔ	32591719	unr-010
25024028	10762	kaˈmi	kami	32592099	unr-006
25024029	10762	udam	udam	32592099	unr-006
25024032	10762	kaˈtu	katu	32592108	unr-006
25024033	10762	baiˈʈi	baiʈi	32592108	unr-006
25024083	10759	kiʧiˈri	kiʧiri	32592374	unr-003
25024084	10759	liʤaʔ	liʤaʔ	32592374	unr-003
25024132	10766	kuɽi ˈhon	kuɽihon	32592831	unr-010
25024133	10766	maiː	mai	32592831	unr-010
25024259	10762	luˈtum	lutum	32593701	unr-006
25024260	10762	nuˈtum	nutum	32593701	unr-006
25024299	10766	maɦiˈna	maɦina	32594116	unr-010
25024432	10766	neˈsaʔ	nesaʔ	32595191	unr-010
25024432	10766	neˈsaʔ	nesaʔ	32595192	unr-010
25024433	10766	neˈseiʔ	neseiʔ	32595191	unr-010
25024434	10766	neˈtaʔ	netaʔ	32595192	unr-010
25024472	10766	nubˈʔa	nubʔa	32595448	unr-010
25024473	10766	nida	nida	32595448	unr-010
25024513	10766	opoˈta	opota	32595760	unr-010
25024514	10766	epeˈraŋ	eperaŋ	32595760	unr-010
25024525	10762	ʧiˈkanaʔ	ʧikanaʔ	32595925	unr-006
25024586	10766	poeˈsa	poesa	32596274	unr-010
25024587	10766	ʈaˈka	ʈaka	32596274	unr-010
25024592	10762	poˈrob˺	porob	32596359	unr-006
25024593	10762	paˈrab˺	parab	32596359	unr-006
25024662	10759	ruˈwa	ruwa	32597100	unr-003
25024663	10759	rogod	rogod	32597100	unr-003
25024709	10759	saˈmaŋ	samaŋ	32597620	unr-003
25024710	10759	sanamaŋ	sanamaŋ	32597620	unr-003
25024848	10766	suˈʈi	suʈi	32598648	unr-010
25024849	10766	gai	gai	32598648	unr-010
25024937	10762	tiˈki	tiki	32599405	unr-006
25024938	10762	pitˈʧu	pitʧu	32599405	unr-006
25024939	10766	din	din	32599424	unr-010
25024940	10762	tiˈsiŋ	tisiŋ	32599425	unr-006
25024941	10762	iˈsiŋ	isiŋ	32599425	unr-006
25024942	10762	suˈpu	supu	32599432	unr-006
25025254	10762	ʤarˈgi	ʤargi	32602784	unr-006
25025255	10762	gaˈma	gama	32602784	unr-006
25025256	10759	hita	hita	32602786	unr-003
25025259	10766	ʤaˈnao	ʤanao	32602829	unr-010
25025260	10766	roːʤ	roʤ	32602829	unr-010
25025267	10759	ʤʰũːɽ	ʤhuɽ	32602931	unr-003
25025268	10759	biːr	bir	32602931	unr-003
25025277	10766	ʧokolˈʈaʔ	ʧokolʈaʔ	32603050	unr-010
25025278	10766	bakla	bakla	32603050	unr-010
25025285	10759	ˈaeʔ	aeʔ	32603082	unr-003
25025285	10759	ˈaeʔ	aeʔ	32603083	unr-003
25025286	10759	iniʔ	iniʔ	32603082	unr-003
25025286	10759	iniʔ	iniʔ	32603083	unr-003
25025289	10762	ˈaʔe	aʔe	32603095	unr-006
25025289	10762	ˈaʔe	aʔe	32603096	unr-006
25025290	10762	iˈniʔ	iniʔ	32603095	unr-006
25025290	10762	iˈniʔ	iniʔ	32603096	unr-006
25025291	10762	haˈniʔ	haniʔ	32603095	unr-006
25025291	10762	haˈniʔ	haniʔ	32603096	unr-006
25025302	10762	ˈen koˌɽako	enkoɽako	32603168	unr-006
25025303	10762	ˈhan koˌɽako	hankoɽako	32603168	unr-006
25025304	10762	ˈen kuˌɽiko	enkuɽiko	32603169	unr-006
25025305	10762	ˈhan kuˌɽiko	hankuɽiko	32603169	unr-006
25025311	10759	ˈhai	hai	32603198	unr-003
25025312	10759	haku	haku	32603198	unr-003
18614844	3234	Ca na	cana	20033911	unr-000
18677506	3234	Cadlom	cadlom	20033939	unr-000
18759271	3234	Cand~u7	candu7	20033977	unr-000
18637207	3234	Cene	cene	20033924	unr-000
18596145	3234	Mundari	mundari	35679216	unr-000
18672906	3234	ZaN	zan	20033935	unr-000
18673934	3234	Zarom	zarom	20033937	unr-000
18720869	3234	Zi kuram	zikuram	20033956	unr-000
18626430	3234	ZiliN	zilin	20033918	unr-000
18663093	3234	Zilu	zilu	20033933	unr-000
18603524	3234	ain	ain	20031129	unr-000
18613221	3234	ale	ale	20033907	unr-000
18608402	3234	am	am	20031130	unr-000
17473343	3235	apia	apia	37566317	unr-001
17473342	3234	apia	apia	37566317	unr-000
18747288	3234	apir	apir	20033968	unr-000
18791001	3234	ara7	ara7	20033991	unr-000
17497093	3234	area	area	37566323	unr-000
18740432	3234	ayum	ayum	20033962	unr-000
18625292	3234	bar	bar	20033916	unr-000
17468824	3235	baria	baria	37566316	unr-001
17468823	3234	baria	baria	37566316	unr-000
18615775	3234	bese	bese	20033914	unr-000
18678386	3234	bo7	bo7	20033942	unr-000
18806254	3234	bugi	bugi	20034001	unr-000
18790324	3234	buru	buru	20033990	unr-000
18768840	3234	da7	da7	20033979	unr-000
18651161	3234	daru	daru	20033927	unr-000
18699348	3234	data	data	20033947	unr-000
18774218	3234	diri	diri	20033981	unr-000
18676970	3234	diriN	dirin	20033938	unr-000
18753325	3234	dub	dub	20033972	unr-000
18741517	3234	durum	durum	20033964	unr-000
17489721	3234	ea	ea	37566321	unr-000
18791275	3234	gaded	gaded	20033992	unr-000
18769578	3234	gama	gama	20033980	unr-000
17500709	3234	gelea	gelea	37566324	unr-000
18746731	3234	gie7	gie7	20033966	unr-000
18753008	3234	giti7	giti7	20033971	unr-000
18774984	3234	gitil	gitil	20033982	unr-000
18806531	3234	gol	gol	20034002	unr-000
18636456	3234	hai	hai	20033923	unr-000
18614266	3234	han i7	hani7	20033909	unr-000
18657438	3234	harta	harta	20033931	unr-000
18792138	3234	hend~e	hende	20033995	unr-000
18752243	3234	hiZu7	hizu7	20033970	unr-000
18651891	3234	hita	hita	20033928	unr-000
18786022	3234	hora	hora	20033989	unr-000
18631472	3234	horo	horo	20033922	unr-000
18715621	3234	hoto7	hoto7	20033954	unr-000
18730613	3234	hua	hua	20033960	unr-000
18677786	3234	il	il	20033940	unr-000
18724629	3234	im	im	20033957	unr-000
18763872	3234	ipil	ipil	20033978	unr-000
18673676	3234	itil	itil	20033936	unr-000
18741217	3234	itu	itu	20033963	unr-000
18615147	3234	ka	ka	20033912	unr-000
18705760	3234	kata	kata	20033950	unr-000
18627377	3234	kora	kora	20033921	unr-000
18626777	3234	kuniN	kunin	20033919	unr-000
18627070	3234	kuri	kuri	20033920	unr-000
18715327	3234	laZ	laz	20033953	unr-000
18704679	3234	le7	le7	20033948	unr-000
18735424	3234	lel	lel	20033961	unr-000
18797701	3234	lolo	lolo	20033997	unr-000
18683214	3234	lutur	lutur	20033943	unr-000
18626130	3234	maraN	maran	20033917	unr-000
18667807	3234	mayam	mayam	20033934	unr-000
18688519	3234	med	med	20033944	unr-000
18754239	3234	men	men	20033975	unr-000
18620420	3234	miyod	miyod	20033915	unr-000
18694604	3234	moCa	moca	20033946	unr-000
17464318	3235	moyon	moyon	37566315	unr-001
18693796	3234	mu*	mu	20033945	unr-000
18709602	3234	mukuri	mukuri	20033951	unr-000
18805524	3234	nawa	nawa	20034000	unr-000
18613965	3234	ni i7	nii7	20033908	unr-000
18796880	3234	nida	nida	20033996	unr-000
18729553	3234	nu	nu	20033958	unr-000
18811013	3234	num	num	20034004	unr-000
18720103	3234	nunu	nunu	20033955	unr-000
18811014	3234	nutum	nutum	20034004	unr-000
18614559	3234	okoy	okoy	20033910	unr-000
18753920	3234	om	om	20033974	unr-000
18775270	3234	ote	ote	20033983	unr-000
18747010	3234	oyar	oyar	20033967	unr-000
18791843	3234	pund~i	pundi	20033994	unr-000
18801086	3234	pura	pura	20033999	unr-000
18705476	3234	rama	rama	20033949	unr-000
18657192	3234	red	red	20033930	unr-000
18775538	3234	rimil	rimil	20033984	unr-000
18781473	3234	ro	ro	20033988	unr-000
18791541	3234	sa saN	sasan	20033993	unr-000
18656411	3234	sakam	sakam	20033929	unr-000
18780393	3234	seNgel	sengel	20033986	unr-000
18747575	3234	sen	sen	20033969	unr-000
18642003	3234	seta	seta	20033925	unr-000
18646417	3234	si ku	siku	20033926	unr-000
18758539	3234	siNgi	singi	20033976	unr-000
18615466	3234	soben	soben	20033913	unr-000
18775807	3234	sukul	sukul	20033985	unr-000
18714513	3234	ti	ti	20033952	unr-000
18753626	3234	tiNgu	tingu	20033973	unr-000
18781165	3234	toroe7	toroe7	20033987	unr-000
17485914	3235	turia	turia	37566320	unr-001
17485913	3234	turuia	turuia	37566320	unr-000
18798020	3234	tutukan	tutukan	20033998	unr-000
18678072	3234	up	up	20033941	unr-000
17477725	3234	upunia	upunia	37566318	unr-000
18662271	3234	ur	ur	20033932	unr-000
17493397	3234	írilia	irilia	37566322	unr-000
18806820	3234	roro	roro	20034003	unr-000
